timestamp,CMC
1752735600,0.2414942
1752739200,0.2392988
1752742800,0.2484347
1752746400,0.2501107
1752750000,0.2499328
1752753600,0.2503038
1752757200,0.2489216
1752760800,0.2447320
1752764400,0.2449591
1752768000,0.2449291
1752771600,0.2478774
1752775200,0.2488941
1752778800,0.2555315
1752782400,0.2485276
1752786000,0.2509932
1752789600,0.2711162
1752793200,0.2822898
1752796800,0.2784886
1752800400,0.2974455
1752804000,0.2880349
1752807600,0.2843880
1752811200,0.2857911
1752814800,0.2840497
1752818400,0.2850718
1752822000,0.2802385
1752825600,0.2715816
1752829200,0.2692566
1752832800,0.2718088
1752836400,0.2721426
1752840000,0.2736254
1752843600,0.2748505
1752847200,0.2747351
1752850800,0.2716142
1752854400,0.2657405
1752858000,0.2662027
1752861600,0.2689826
1752865200,0.2687728
1752868800,0.2679974
1752872400,0.2641970
1752876000,0.2626471
1752879600,0.2577334
1752883200,0.2593523
1752886800,0.2595024
1752890400,0.2615480
1752894000,0.2635795
1752897600,0.2622426
1752901200,0.2660602
1752904800,0.2691885
1752908400,0.2660827
1752912000,0.2690839
1752915600,0.2697915
1752919200,0.2704927
1752922800,0.2689663
1752926400,0.2644118
1752930000,0.2662522
1752933600,0.2661802
1752937200,0.2622833
1752940800,0.2677669
1752944400,0.2692209
1752948000,0.2670863
1752951600,0.2660210
1752955200,0.2675792
1752958800,0.2689566
1752962400,0.2654932
1752966000,0.2675152
1752969600,0.2672307
1752973200,0.2669569
1752976800,0.2662676
1752980400,0.2675795
1752984000,0.2681469
1752987600,0.2687130
1752991200,0.2695029
1752994800,0.2681410
1752998400,0.2696235
1753002000,0.2735946
1753005600,0.2736908
1753009200,0.2741734
1753012800,0.2727680
1753016400,0.2714883
1753020000,0.2756940
1753023600,0.2747118
1753027200,0.2754153
1753030800,0.2776288
1753034400,0.2756553
1753038000,0.2801719
1753041600,0.2792917
1753045200,0.2755084
1753048800,0.2751748
1753052400,0.2713889
1753056000,0.2715276
1753059600,0.2708991
1753063200,0.2747933
1753066800,0.2786462
1753070400,0.2770094
1753074000,0.2770867
1753077600,0.2779344
1753081200,0.2810696
1753084800,0.2835205
1753088400,0.2833384
1753092000,0.2802551
1753095600,0.2830131
1753099200,0.2836274
1753102800,0.2849759
1753106400,0.2838276
1753110000,0.2856914
1753113600,0.2801988
1753117200,0.2797794
1753120800,0.2808052
1753124400,0.2782758
1753128000,0.2668539
1753131600,0.2697022
1753135200,0.2723332
1753138800,0.2724587
1753142400,0.2712779
1753146000,0.2687547
1753149600,0.2710146
1753153200,0.2681796
1753156800,0.2678901
1753160400,0.2623381
1753164000,0.2663462
1753167600,0.2660429
1753171200,0.2652969
1753174800,0.2630897
1753178400,0.2629470
1753182000,0.2656673
1753185600,0.2669419
1753189200,0.2664823
1753192800,0.2639846
1753196400,0.2693845
1753200000,0.2713423
1753203600,0.2736123
1753207200,0.2731640
1753210800,0.2734577
1753214400,0.2679567
1753218000,0.2716031
1753221600,0.2712711
1753225200,0.2714865
1753228800,0.2749676
1753232400,0.2728983
1753236000,0.2715135
1753239600,0.2710752
1753243200,0.2692818
1753246800,0.2705867
1753250400,0.2715014
1753254000,0.2691544
1753257600,0.2692590
1753261200,0.2688700
1753264800,0.2665340
1753268400,0.2652982
1753272000,0.2631973
1753275600,0.2557237
1753279200,0.2497304
1753282800,0.2519097
1753286400,0.2538805
1753290000,0.2483784
1753293600,0.2479579
1753297200,0.2501265
1753300800,0.2491925
1753304400,0.2448034
1753308000,0.2444465
1753311600,0.2467542
1753315200,0.2452236
1753318800,0.2481035
1753322400,0.2484201
1753326000,0.2477238
1753329600,0.2471008
1753333200,0.2428791
1753336800,0.2365304
1753340400,0.2343559
1753344000,0.2388579
1753347600,0.2426524
1753351200,0.2403848
1753354800,0.2400941
1753358400,0.2435395
1753362000,0.2413347
1753365600,0.2403900
1753369200,0.2468179
1753372800,0.2447167
1753376400,0.2414001
1753380000,0.2461827
1753383600,0.2463280
1753387200,0.2441977
1753390800,0.2449552
1753394400,0.2424538
1753398000,0.2420438
1753401600,0.2389662
1753405200,0.2372487
1753408800,0.2402583
1753412400,0.2372052
1753416000,0.2366506
1753419600,0.2390894
1753423200,0.2363817
1753426800,0.2374866
1753430400,0.2359210
1753434000,0.2378571
1753437600,0.2415761
1753441200,0.2440861
1753444800,0.2463719
1753448400,0.2491467
1753452000,0.2451381
1753455600,0.2484463
1753459200,0.2463053
1753462800,0.2484800
1753466400,0.2536222
1753470000,0.2510376
1753473600,0.2540447
1753477200,0.2586724
1753480800,0.2614963
1753484400,0.2630650
1753488000,0.2584393
1753491600,0.2586647
1753495200,0.2609391
1753498800,0.2675590
1753502400,0.2677058
1753506000,0.2679548
1753509600,0.2681370
1753513200,0.2652313
1753516800,0.2637443
1753520400,0.2641287
1753524000,0.2661949
1753527600,0.2695685
1753531200,0.2690993
1753534800,0.2744243
1753538400,0.2802419
1753542000,0.2829408
1753545600,0.2804273
1753549200,0.2847795
1753552800,0.2813829
1753556400,0.2823699
1753560000,0.2894480
1753563600,0.2853969
1753567200,0.2842728
1753570800,0.2825128
1753574400,0.2792759
1753578000,0.2776766
1753581600,0.2810243
1753585200,0.2901774
1753588800,0.2913637
1753592400,0.2993576
1753596000,0.3027100
1753599600,0.2960091
1753603200,0.2900118
1753606800,0.2864973
1753610400,0.2821132
1753614000,0.2880972
1753617600,0.2837545
1753621200,0.2844604
1753624800,0.2836159
1753628400,0.2847125
1753632000,0.2862696
1753635600,0.2849327
1753639200,0.2878097
1753642800,0.2887776
1753646400,0.2903965
1753650000,0.2923258
1753653600,0.2929103
1753657200,0.2929685
1753660800,0.2916142
1753664400,0.2884245
1753668000,0.2860103
1753671600,0.2878195
1753675200,0.2867062
1753678800,0.2852778
1753682400,0.2886239
1753686000,0.2884237
1753689600,0.2851456
1753693200,0.2854814
1753696800,0.2865489
1753700400,0.2839043
1753704000,0.2837380
1753707600,0.2817073
1753711200,0.2781525
1753714800,0.2731477
1753718400,0.2731889
1753722000,0.2737145
1753725600,0.2728561
1753729200,0.2698233
1753732800,0.2698398
1753736400,0.2696836
1753740000,0.2722297
1753743600,0.2715149
1753747200,0.2707970
1753750800,0.2703129
1753754400,0.2681527
1753758000,0.2652396
1753761600,0.2698003
1753765200,0.2675123
1753768800,0.2712391
1753772400,0.2723618
1753776000,0.2754520
1753779600,0.2767109
1753783200,0.2746122
1753786800,0.2721610
1753790400,0.2734924
1753794000,0.2748014
1753797600,0.2692706
1753801200,0.2648397
1753804800,0.2622787
1753808400,0.2622552
1753812000,0.2638207
1753815600,0.2621293
1753819200,0.2603457
1753822800,0.2584750
1753826400,0.2619406
1753830000,0.2634343
1753833600,0.2637356
1753837200,0.2622052
1753840800,0.2632318
1753844400,0.2604379
1753848000,0.2611076
1753851600,0.2591858
1753855200,0.2603786
1753858800,0.2617667
1753862400,0.2581071
1753866000,0.2604136
1753869600,0.2580924
1753873200,0.2573371
1753876800,0.2549055
1753880400,0.2551572
1753884000,0.2551625
1753887600,0.2598917
1753891200,0.2569958
1753894800,0.2568445
1753898400,0.2587804
1753902000,0.2519471
1753905600,0.2563495
1753909200,0.2546803
1753912800,0.2543331
1753916400,0.2536557
1753920000,0.2557223
1753923600,0.2593519
1753927200,0.2614218
1753930800,0.2645975
1753934400,0.2715105
1753938000,0.2711666
1753941600,0.2734179
1753945200,0.2736867
1753948800,0.2734770
1753952400,0.2754818
1753956000,0.2760838
1753959600,0.2770288
1753963200,0.2724618
1753966800,0.2702846
1753970400,0.2678681
1753974000,0.2614044
1753977600,0.2626059
1753981200,0.2651512
1753984800,0.2600782
1753988400,0.2579739
1753992000,0.2557094
1753995600,0.2586741
1753999200,0.2570613
1754002800,0.2520488
1754006400,0.2513495
1754010000,0.2495385
1754013600,0.2494429
1754017200,0.2543276
1754020800,0.2521069
1754024400,0.2502098
1754028000,0.2477099
1754031600,0.2472827
1754035200,0.2467164
1754038800,0.2445140
1754042400,0.2425314
1754046000,0.2427973
1754049600,0.2454858
1754053200,0.2466913
1754056800,0.2416860
1754060400,0.2534693
1754064000,0.2529059
1754067600,0.2490295
1754071200,0.2461816
1754074800,0.2465217
1754078400,0.2495539
1754082000,0.2465425
1754085600,0.2446237
1754089200,0.2395382
1754092800,0.2422249
1754096400,0.2403149
1754100000,0.2414061
1754103600,0.2408798
1754107200,0.2401690
1754110800,0.2446127
1754114400,0.2427288
1754118000,0.2383305
1754121600,0.2410134
1754125200,0.2376082
1754128800,0.2365231
1754132400,0.2369331
1754136000,0.2374226
1754139600,0.2369845
1754143200,0.2370281
1754146800,0.2322427
1754150400,0.2299124
1754154000,0.2311711
1754157600,0.2291958
1754161200,0.2263601
1754164800,0.2281552
1754168400,0.2299629
1754172000,0.2314634
1754175600,0.2322643
1754179200,0.2301342
1754182800,0.2314876
1754186400,0.2312079
1754190000,0.2337711
1754193600,0.2339260
1754197200,0.2342286
1754200800,0.2347746
1754204400,0.2362735
1754208000,0.2385313
1754211600,0.2407730
1754215200,0.2395727
1754218800,0.2413366
1754222400,0.2467324
1754226000,0.2459268
1754229600,0.2421877
1754233200,0.2455642
1754236800,0.2476002
1754240400,0.2492488
1754244000,0.2484067
1754247600,0.2469166
1754251200,0.2483225
1754254800,0.2478845
1754258400,0.2487842
1754262000,0.2484394
1754265600,0.2487721
1754269200,0.2529841
1754272800,0.2493849
1754276400,0.2516598
1754280000,0.2510875
1754283600,0.2489793
1754287200,0.2497200
1754290800,0.2489403
1754294400,0.2485107
1754298000,0.2492282
1754301600,0.2482515
1754305200,0.2478093
1754308800,0.2463061
1754312400,0.2467411
1754316000,0.2498823
1754319600,0.2501263
1754323200,0.2502365
1754326800,0.2523287
1754330400,0.2523295
1754334000,0.2507027
1754337600,0.2491707
1754341200,0.2508218
1754344800,0.2522985
1754348400,0.2524709
1754352000,0.2505939
1754355600,0.2496726
1754359200,0.2479987
1754362800,0.2481771
1754366400,0.2451946
1754370000,0.2441684
1754373600,0.2449825
1754377200,0.2439632
1754380800,0.2424088
1754384400,0.2433912
1754388000,0.2464015
1754391600,0.2496091
1754395200,0.2492042
1754398800,0.2475129
1754402400,0.2470012
1754406000,0.2412302
1754409600,0.2381487
1754413200,0.2391926
1754416800,0.2410726
1754420400,0.2397830
1754424000,0.2388919
1754427600,0.2373504
1754431200,0.2365837
1754434800,0.2379892
1754438400,0.2391649
1754442000,0.2356290
1754445600,0.2355139
1754449200,0.2353142
1754452800,0.2342582
1754456400,0.2341227
1754460000,0.2391532
1754463600,0.2415205
1754467200,0.2436435
1754470800,0.2426002
1754474400,0.2465329
1754478000,0.2421516
1754481600,0.2408306
1754485200,0.2378665
1754488800,0.2399428
1754492400,0.2419808
1754496000,0.2463683
1754499600,0.2451510
1754503200,0.2476595
1754506800,0.2461862
1754510400,0.2443737
1754514000,0.2439362
1754517600,0.2448009
1754521200,0.2459638
1754524800,0.2447492
1754528400,0.2447005
1754532000,0.2448143
1754535600,0.2434453
1754539200,0.2420503
1754542800,0.2420277
1754546400,0.2452980
1754550000,0.2447332
1754553600,0.2446858
1754557200,0.2455339
1754560800,0.2475014
1754564400,0.2522454
1754568000,0.2536223
1754571600,0.2523438
1754575200,0.2530259
1754578800,0.2507909
1754582400,0.2524991
1754586000,0.2505699
1754589600,0.2503259
1754593200,0.2493958
1754596800,0.2531370
1754600400,0.2540547
1754604000,0.2564635
1754607600,0.2602273
1754611200,0.2595560
1754614800,0.2624632
1754618400,0.2618859
1754622000,0.2630007
1754625600,0.2633006
1754629200,0.2629868
1754632800,0.2609828
1754636400,0.2638668
1754640000,0.2639361
1754643600,0.2637812
1754647200,0.2640750
1754650800,0.2628595
1754654400,0.2628486
1754658000,0.2605334
1754661600,0.2648399
1754665200,0.2609053
1754668800,0.2569110
1754672400,0.2566337
1754676000,0.2628720
1754679600,0.2617102
1754683200,0.2621085
1754686800,0.2623987
1754690400,0.2632171
1754694000,0.2626625
1754697600,0.2619204
1754701200,0.2616680
1754704800,0.2642310
1754708400,0.2636596
1754712000,0.2614669
1754715600,0.2637258
1754719200,0.2680971
1754722800,0.2653533
1754726400,0.2665881
1754730000,0.2675590
1754733600,0.2678230
1754737200,0.2681785
1754740800,0.2655868
1754744400,0.2689768
1754748000,0.2632357
1754751600,0.2641352
1754755200,0.2628950
1754758800,0.2629427
1754762400,0.2651885
1754766000,0.2663634
1754769600,0.2657754
1754773200,0.2664147
1754776800,0.2644876
1754780400,0.2664337
1754784000,0.2662538
1754787600,0.2678966
1754791200,0.2669899
1754794800,0.2652286
1754798400,0.2676372
1754802000,0.2708545
1754805600,0.2648679
1754809200,0.2622205
1754812800,0.2582080
1754816400,0.2589745
1754820000,0.2579779
1754823600,0.2560898
1754827200,0.2563729
1754830800,0.2576035
1754834400,0.2567980
1754838000,0.2596784
1754841600,0.2592475
1754845200,0.2594865
1754848800,0.2589322
1754852400,0.2602903
1754856000,0.2603449
1754859600,0.2589254
1754863200,0.2572058
1754866800,0.2572972
1754870400,0.2593648
1754874000,0.2591944
1754877600,0.2634171
1754881200,0.2692654
1754884800,0.2662662
1754888400,0.2655823
1754892000,0.2659382
1754895600,0.2664767
1754899200,0.2613199
1754902800,0.2633465
1754906400,0.2614377
1754910000,0.2592039
1754913600,0.2530261
1754917200,0.2530312
1754920800,0.2550550
1754924400,0.2540092
1754928000,0.2535500
1754931600,0.2529541
1754935200,0.2520759
1754938800,0.2512914
1754942400,0.2475722
1754946000,0.2475870
1754949600,0.2455895
1754953200,0.2460344
1754956800,0.2470202
1754960400,0.2496670
1754964000,0.2499192
1754967600,0.2497097
1754971200,0.2484425
1754974800,0.2496313
1754978400,0.2468540
1754982000,0.2466187
1754985600,0.2488418
1754989200,0.2477461
1754992800,0.2462622
1754996400,0.2464682
1755000000,0.2468888
1755003600,0.2513553
1755007200,0.2507325
1755010800,0.2542234
1755014400,0.2559764
1755018000,0.2561874
1755021600,0.2573022
1755025200,0.2582805
1755028800,0.2610058
1755032400,0.2627693
1755036000,0.2605549
1755039600,0.2613096
1755043200,0.2606368
1755046800,0.2592256
1755050400,0.2577611
1755054000,0.2602917
1755057600,0.2617976
1755061200,0.2626545
1755064800,0.2591209
1755068400,0.2593146
1755072000,0.2622273
1755075600,0.2646810
1755079200,0.2659513
1755082800,0.2665351
1755086400,0.2646055
1755090000,0.2631619
1755093600,0.2640010
1755097200,0.2614642
1755100800,0.2623580
1755104400,0.2635977
1755108000,0.2641095
1755111600,0.2630150
1755115200,0.2646499
1755118800,0.2638041
1755122400,0.2633157
1755126000,0.2656932
1755129600,0.2664922
1755133200,0.2673360
1755136800,0.2707197
1755140400,0.2743026
1755144000,0.2734770
1755147600,0.2712334
1755151200,0.2684994
1755154800,0.2707404
1755158400,0.2703677
1755162000,0.2683128
1755165600,0.2692839
1755169200,0.2635142
1755172800,0.2622403
1755176400,0.2513344
1755180000,0.2534337
1755183600,0.2543523
1755187200,0.2528511
1755190800,0.2489739
1755194400,0.2489995
1755198000,0.2494734
1755201600,0.2491251
1755205200,0.2493689
1755208800,0.2474203
1755212400,0.2492901
1755216000,0.2486422
1755219600,0.2494296
1755223200,0.2507448
1755226800,0.2506335
1755230400,0.2541771
1755234000,0.2521991
1755237600,0.2524266
1755241200,0.2559951
1755244800,0.2550076
1755248400,0.2566159
1755252000,0.2529874
1755255600,0.2533261
1755259200,0.2532218
1755262800,0.2535838
1755266400,0.2508477
1755270000,0.2472436
1755273600,0.2439328
1755277200,0.2445927
1755280800,0.2456055
1755284400,0.2446793
1755288000,0.2443209
1755291600,0.2458356
1755295200,0.2465189
1755298800,0.2506032
1755302400,0.2476555
1755306000,0.2506936
1755309600,0.2506624
1755313200,0.2505590
1755316800,0.2505019
1755320400,0.2503380
1755324000,0.2481775
1755327600,0.2483328
1755331200,0.2503448
1755334800,0.2501688
1755338400,0.2509235
1755342000,0.2487438
1755345600,0.2486861
1755349200,0.2491629
1755352800,0.2496802
1755356400,0.2519880
1755360000,0.2503705
1755363600,0.2511034
1755367200,0.2498502
1755370800,0.2504136
1755374400,0.2514222
1755378000,0.2519210
1755381600,0.2511976
1755385200,0.2523736
1755388800,0.2524415
1755392400,0.2516292
1755396000,0.2514258
1755399600,0.2532543
1755403200,0.2537678
1755406800,0.2551816
1755410400,0.2548762
1755414000,0.2534904
1755417600,0.2543349
1755421200,0.2567804
1755424800,0.2564358
1755428400,0.2562971
1755432000,0.2566102
1755433800,0.2558236
1755434400,0.2556134
1755434700,0.2556188
1755435300,0.2552678
1755435600,0.2551342
1755436200,0.2546263
1755436500,0.2545236
1755437100,0.2546367
1755437400,0.2547885
1755438000,0.2553423
1755438300,0.2557188
1755438900,0.2567213
1755439200,0.2564851
1755439800,0.2561233
1755440100,0.2560881
1755440700,0.2556268
1755441000,0.2559023
1755441600,0.2562242
1755441900,0.2565409
1755442500,0.2565917
1755442800,0.2564966
1755443400,0.2561963
1755443700,0.2561950
1755444300,0.2556571
1755444600,0.2560938
1755445200,0.2573772
1755445500,0.2574256
1755446100,0.2581834
1755446400,0.2585459
1755447000,0.2599775
1755447300,0.2597952
1755447900,0.2585107
1755448200,0.2584681
1755448800,0.2574917
1755449100,0.2571730
1755449700,0.2562712
1755450000,0.2563144
1755450600,0.2561840
1755450900,0.2558995
1755451500,0.2557515
1755451800,0.2559696
1755452400,0.2559916
1755452700,0.2557639
1755453300,0.2556574
1755453600,0.2554846
1755454200,0.2550187
1755454500,0.2551280
1755455100,0.2543946
1755455400,0.2540100
1755456000,0.2538828
1755456300,0.2539912
1755456900,0.2536127
1755457200,0.2523521
1755457800,0.2531337
1755458100,0.2531448
1755458700,0.2532556
1755459000,0.2534360
1755459600,0.2523449
1755459900,0.2521347
1755460500,0.2520987
1755460800,0.2518239
1755461400,0.2520432
1755461700,0.2522435
1755462300,0.2521647
1755462600,0.2523402
1755463200,0.2527709
1755463500,0.2529658
1755464100,0.2526581
1755464400,0.2521691
1755465000,0.2520127
1755465300,0.2519849
1755465900,0.2518802
1755466200,0.2518156
1755466800,0.2520638
1755467100,0.2520920
1755467700,0.2523303
1755468000,0.2523130
1755468600,0.2528079
1755468900,0.2528001
1755469500,0.2534547
1755469800,0.2539318
1755470400,0.2545446
1755470700,0.2547336
1755471300,0.2548455
1755471600,0.2547320
1755472200,0.2541457
1755472500,0.2539404
1755473100,0.2533810
1755473400,0.2532373
1755474000,0.2529569
1755474300,0.2531467
1755474900,0.2523580
1755475200,0.2522512
1755475800,0.2524228
1755476100,0.2527681
1755476700,0.2521747
1755477000,0.2519490
1755477600,0.2512745
1755477900,0.2516222
1755478500,0.2519875
1755478800,0.2518037
1755479400,0.2515215
1755479700,0.2515296
1755480300,0.2509038
1755480600,0.2505332
1755481200,0.2493807
1755481500,0.2488498
1755482100,0.2484307
1755482400,0.2481626
1755483000,0.2473722
1755483300,0.2464284
1755483900,0.2455453
1755484200,0.2452764
1755484800,0.2459262
1755485100,0.2459415
1755485700,0.2438211
1755486000,0.2439536
1755486600,0.2442513
1755486900,0.2442799
1755487500,0.2433847
1755487800,0.2431071
1755488400,0.2428065
1755488700,0.2429582
1755489300,0.2436901
1755489600,0.2441327
1755490200,0.2438707
1755490500,0.2442957
1755491100,0.2448087
1755491400,0.2452861
1755492000,0.2465021
1755492300,0.2463808
1755492900,0.2462617
1755493200,0.2460559
1755493800,0.2467500
1755494100,0.2469154
1755494700,0.2459101
1755495000,0.2456154
1755495600,0.2448471
1755495900,0.2444308
1755496500,0.2446826
1755496800,0.2454331
1755497400,0.2443043
1755497700,0.2441281
1755498300,0.2428433
1755498600,0.2428599
1755499200,0.2435887
1755499500,0.2431670
1755500100,0.2432463
1755500400,0.2435433
1755501000,0.2436816
1755501300,0.2434896
1755501900,0.2430859
1755502200,0.2428084
1755502800,0.2435117
1755503100,0.2437085
1755503700,0.2431399
1755504000,0.2429656
1755504600,0.2428729
1755504900,0.2429127
1755505500,0.2429490
1755505800,0.2427938
1755506400,0.2424605
1755506700,0.2423740
1755507300,0.2405318
1755507600,0.2403135
1755508200,0.2399993
1755508500,0.2399920
1755509100,0.2393679
1755509400,0.2390850
1755510000,0.2399053
1755510300,0.2407414
1755510900,0.2416559
1755511200,0.2413864
1755511800,0.2408796
1755512100,0.2407218
1755512700,0.2411541
1755513000,0.2414774
1755513600,0.2420975
1755513900,0.2421740
1755514500,0.2420168
1755514800,0.2419796
1755515400,0.2418186
1755515700,0.2415679
1755516300,0.2415307
1755516600,0.2413968
1755517200,0.2414432
1755517500,0.2414709
1755518100,0.2404073
1755518400,0.2404963
1755519000,0.2412108
1755519300,0.2417580
1755519900,0.2418914
1755520200,0.2420020
1755520800,0.2426339
1755521100,0.2428730
1755521700,0.2435805
1755522000,0.2438464
1755522600,0.2442817
1755522900,0.2437188
1755523500,0.2447824
1755523800,0.2449711
1755524400,0.2446262
1755524700,0.2439258
1755525300,0.2428352
1755525600,0.2426078
1755526200,0.2423089
1755526500,0.2421133
1755527100,0.2432285
1755527400,0.2435219
1755528000,0.2428997
1755528300,0.2428629
1755528900,0.2427270
1755529200,0.2431714
1755529800,0.2434678
1755530100,0.2432638
1755530700,0.2429418
1755531000,0.2428015
1755531600,0.2434338
1755531900,0.2440591
1755532500,0.2444929
1755532800,0.2447413
1755533400,0.2460831
1755533700,0.2459439
1755534300,0.2445500
1755534600,0.2442744
1755535200,0.2433955
1755535500,0.2434090
1755536100,0.2432544
1755536400,0.2432673
1755537000,0.2434970
1755537300,0.2441516
1755537900,0.2456494
1755538200,0.2461510
1755538800,0.2478596
1755539100,0.2477446
1755539700,0.2458464
1755540000,0.2455513
1755540600,0.2446710
1755540900,0.2444775
1755541500,0.2449520
1755541800,0.2453201
1755542400,0.2450814
1755542700,0.2451718
1755543300,0.2460408
1755543600,0.2463114
1755544200,0.2466477
1755544500,0.2450764
1755545100,0.2452633
1755545400,0.2450488
1755546000,0.2448293
1755546300,0.2446230
1755546900,0.2447073
1755547200,0.2451866
1755547800,0.2449932
1755548100,0.2453996
1755548700,0.2455159
1755549000,0.2455911
1755549600,0.2444994
1755549900,0.2445020
1755550500,0.2453522
1755550800,0.2456100
1755551400,0.2458580
1755551700,0.2461087
1755552300,0.2470320
1755552600,0.2471112
1755553200,0.2465524
1755553500,0.2466296
1755554100,0.2469100
1755554400,0.2472891
1755555000,0.2486021
1755555300,0.2486718
1755555900,0.2492272
1755556200,0.2489379
1755556800,0.2486136
1755557100,0.2484037
1755557700,0.2478659
1755558000,0.2476109
1755558600,0.2471073
1755558900,0.2470622
1755559500,0.2464368
1755559800,0.2463640
1755560400,0.2451133
1755560700,0.2449419
1755561300,0.2448466
1755561600,0.2450187
1755562200,0.2448571
1755562500,0.2447110
1755563100,0.2439581
1755563400,0.2432436
1755564000,0.2439742
1755564300,0.2439148
1755564900,0.2460855
1755565200,0.2461261
1755565800,0.2468899
1755566100,0.2465722
1755566700,0.2451896
1755567000,0.2450903
1755567600,0.2437971
1755567900,0.2436123
1755568500,0.2433428
1755568800,0.2436500
1755569400,0.2429975
1755569700,0.2430808
1755570300,0.2427515
1755570600,0.2429855
1755571200,0.2430976
1755571500,0.2434116
1755572100,0.2433215
1755572400,0.2428013
1755573000,0.2417876
1755573300,0.2419298
1755573900,0.2413149
1755574200,0.2410783
1755574800,0.2403308
1755575100,0.2399260
1755575700,0.2385229
1755576000,0.2385471
1755576600,0.2375043
1755576900,0.2376838
1755577500,0.2379971
1755577800,0.2380269
1755578400,0.2389039
1755578700,0.2393143
1755579300,0.2398128
1755579600,0.2400616
1755580200,0.2402996
1755580500,0.2397141
1755581100,0.2399710
1755581400,0.2402121
1755582000,0.2401956
1755582300,0.2406416
1755582900,0.2401600
1755583200,0.2400675
1755583800,0.2391556
1755584100,0.2393999
1755584700,0.2398707
1755585000,0.2399924
1755585600,0.2404717
1755585900,0.2402903
1755586500,0.2395101
1755586800,0.2395824
1755587400,0.2390473
1755587700,0.2389024
1755588300,0.2382612
1755588600,0.2383090
1755589200,0.2385320
1755589500,0.2381595
1755590100,0.2387025
1755590400,0.2389977
1755591000,0.2385514
1755591300,0.2384582
1755591900,0.2381118
1755592200,0.2382570
1755592800,0.2378066
1755593100,0.2380375
1755593700,0.2394446
1755594000,0.2397450
1755594600,0.2410505
1755594900,0.2411610
1755595500,0.2413258
1755595800,0.2413820
1755596400,0.2417706
1755596700,0.2413812
1755597300,0.2410639
1755597600,0.2413605
1755598200,0.2415745
1755598500,0.2417996
1755599100,0.2415288
1755599400,0.2417269
1755600000,0.2424005
1755600300,0.2428426
1755600900,0.2417084
1755601200,0.2418786
1755601800,0.2412769
1755602100,0.2412115
1755602700,0.2416826
1755603000,0.2420933
1755603600,0.2414185
1755603900,0.2413459
1755604500,0.2415388
1755604800,0.2421261
1755605400,0.2421195
1755605700,0.2421098
1755606300,0.2415905
1755606600,0.2414390
1755607200,0.2408840
1755607500,0.2410604
1755608100,0.2408135
1755608400,0.2409072
1755609000,0.2406248
1755609300,0.2404779
1755609900,0.2410956
1755610200,0.2414640
1755610800,0.2403292
1755611100,0.2397202
1755611700,0.2400179
1755612000,0.2400090
1755612600,0.2395710
1755612900,0.2389907
1755613500,0.2381741
1755613800,0.2374498
1755614400,0.2366344
1755614700,0.2354874
1755615300,0.2362162
1755615600,0.2361543
1755616200,0.2359042
1755616500,0.2359065
1755617100,0.2371409
1755617400,0.2380161
1755618000,0.2374845
1755618300,0.2372939
1755618900,0.2360041
1755619200,0.2357434
1755619800,0.2352310
1755620100,0.2352256
1755620700,0.2356779
1755621000,0.2351985
1755621600,0.2345949
1755621900,0.2347275
1755622500,0.2345377
1755622800,0.2344328
1755623400,0.2338001
1755623700,0.2344933
1755624300,0.2351474
1755624600,0.2349083
1755625200,0.2353277
1755625500,0.2352845
1755626100,0.2350739
1755626400,0.2353781
1755627000,0.2358112
1755627300,0.2359751
1755627900,0.2355625
1755628200,0.2355900
1755628800,0.2350821
1755629100,0.2342285
1755629700,0.2336697
1755630000,0.2335930
1755630600,0.2323600
1755630900,0.2322744
1755631500,0.2340090
1755631800,0.2349257
1755632400,0.2349079
1755632700,0.2347040
1755633300,0.2332328
1755633600,0.2332300
1755634200,0.2331748
1755634500,0.2329071
1755635100,0.2338829
1755635400,0.2341177
1755636000,0.2347407
1755636300,0.2347121
1755636900,0.2352277
1755637200,0.2352687
1755637800,0.2352863
1755638100,0.2352347
1755638700,0.2346454
1755639000,0.2352138
1755639600,0.2353294
1755639900,0.2351942
1755640500,0.2352638
1755640800,0.2352832
1755641400,0.2337325
1755641700,0.2336113
1755642300,0.2339286
1755642600,0.2338773
1755643200,0.2340745
1755643500,0.2340813
1755644100,0.2338116
1755644400,0.2338411
1755645000,0.2329292
1755645300,0.2327161
1755645900,0.2325288
1755646200,0.2322094
1755646800,0.2319509
1755647100,0.2315699
1755647700,0.2309674
1755648000,0.2311449
1755648600,0.2331327
1755648900,0.2329410
1755649500,0.2325997
1755649800,0.2319883
1755650400,0.2326047
1755650700,0.2328046
1755651300,0.2328773
1755651600,0.2328320
1755652200,0.2332174
1755652500,0.2324022
1755653100,0.2325592
1755653400,0.2321729
1755654000,0.2309627
1755654300,0.2308398
1755654900,0.2330636
1755655200,0.2332131
1755655800,0.2332781
1755656100,0.2335078
1755656700,0.2339897
1755657000,0.2338101
1755657600,0.2332492
1755657900,0.2333537
1755658500,0.2333315
1755658800,0.2331262
1755659400,0.2335889
1755659700,0.2331167
1755660300,0.2337014
1755660600,0.2340736
1755661200,0.2342962
1755661500,0.2337949
1755662100,0.2338161
1755662400,0.2339226
1755663000,0.2347608
1755663300,0.2347893
1755663900,0.2349515
1755664200,0.2348688
1755664800,0.2346569
1755665100,0.2344719
1755665700,0.2350488
1755666000,0.2350244
1755666600,0.2345939
1755666900,0.2343944
1755667500,0.2342010
1755667800,0.2342573
1755668400,0.2346527
1755668700,0.2347331
1755669300,0.2348125
1755669600,0.2350875
1755670200,0.2347302
1755670500,0.2343459
1755671100,0.2340903
1755671400,0.2340140
1755672000,0.2347928
1755672300,0.2349313
1755672900,0.2347023
1755673200,0.2347164
1755673800,0.2348502
1755674100,0.2349510
1755674700,0.2350466
1755675000,0.2350340
1755675600,0.2344393
1755675900,0.2344057
1755676500,0.2340113
1755676800,0.2339152
1755677400,0.2340135
1755677700,0.2343234
1755678300,0.2347883
1755678600,0.2348877
1755679200,0.2348096
1755679500,0.2352174
1755680100,0.2354131
1755680400,0.2353585
1755681000,0.2355460
1755681300,0.2355390
1755681900,0.2353628
1755682200,0.2349774
1755682800,0.2343745
1755683100,0.2345242
1755683700,0.2337784
1755684000,0.2337533
1755684600,0.2341343
1755684900,0.2339498
1755685500,0.2343541
1755685800,0.2340567
1755686400,0.2338193
1755686700,0.2340905
1755687300,0.2347624
1755687600,0.2347141
1755688200,0.2343564
1755688500,0.2337470
1755689100,0.2334372
1755689400,0.2332487
1755690000,0.2320035
1755690300,0.2313621
1755690900,0.2327259
1755691200,0.2329346
1755691800,0.2342922
1755692100,0.2342541
1755692700,0.2329578
1755693000,0.2332003
1755693600,0.2337829
1755693900,0.2341017
1755694500,0.2340486
1755694800,0.2341991
1755695400,0.2333643
1755695700,0.2328589
1755696300,0.2328454
1755696600,0.2329890
1755697200,0.2334937
1755697500,0.2325919
1755698100,0.2309739
1755698400,0.2312804
1755699000,0.2304595
1755699300,0.2300934
1755699900,0.2316717
1755700200,0.2317359
1755700800,0.2341384
1755701100,0.2339384
1755701700,0.2338255
1755702000,0.2334635
1755702600,0.2360523
1755702900,0.2359123
1755703500,0.2374682
1755703800,0.2374915
1755704400,0.2369814
1755704700,0.2370934
1755705300,0.2353446
1755705600,0.2354398
1755706200,0.2365086
1755706500,0.2367727
1755707100,0.2385571
1755707400,0.2388779
1755708000,0.2375625
1755708300,0.2375506
1755708900,0.2381811
1755709200,0.2377424
1755709800,0.2389492
1755710100,0.2389597
1755710700,0.2383582
1755711000,0.2380807
1755711600,0.2384112
1755711900,0.2389691
1755712500,0.2393362
1755712800,0.2391431
1755713400,0.2376660
1755713700,0.2375344
1755714300,0.2367495
1755714600,0.2363847
1755715200,0.2368093
1755715500,0.2373049
1755716100,0.2379706
1755716400,0.2378680
1755717000,0.2384123
1755717300,0.2391407
1755717900,0.2403877
1755718200,0.2403591
1755718800,0.2406358
1755719100,0.2406862
1755719700,0.2419277
1755720000,0.2421614
1755720600,0.2419408
1755720900,0.2417844
1755721500,0.2412225
1755721800,0.2414903
1755722400,0.2413211
1755722700,0.2415934
1755723300,0.2419631
1755723600,0.2418832
1755724200,0.2419623
1755724500,0.2420181
1755725100,0.2413313
1755725400,0.2411707
1755726000,0.2410030
1755726300,0.2418807
1755726900,0.2423100
1755727200,0.2420860
1755727800,0.2417532
1755728100,0.2415967
1755728700,0.2417762
1755729000,0.2417841
1755729600,0.2419827
1755729900,0.2422484
1755730500,0.2426809
1755730800,0.2426872
1755731400,0.2422696
1755731700,0.2420798
1755732300,0.2417435
1755732600,0.2416434
1755733200,0.2417651
1755733500,0.2419546
1755734100,0.2413986
1755734400,0.2414488
1755735000,0.2412375
1755735300,0.2411587
1755735900,0.2404575
1755736200,0.2403904
1755736800,0.2417679
1755737100,0.2415665
1755737700,0.2411638
1755738000,0.2415484
1755738600,0.2414901
1755738900,0.2413216
1755739500,0.2406922
1755739800,0.2409408
1755740400,0.2411677
1755740700,0.2414401
1755741300,0.2418574
1755741600,0.2421627
1755742200,0.2414888
1755742500,0.2409558
1755743100,0.2395638
1755743400,0.2397152
1755744000,0.2386326
1755744300,0.2387890
1755744900,0.2392020
1755745200,0.2394131
1755745800,0.2416039
1755746100,0.2414578
1755746700,0.2408269
1755747000,0.2407087
1755747600,0.2402520
1755747900,0.2403648
1755748500,0.2398960
1755748800,0.2395142
1755749400,0.2389644
1755749700,0.2387146
1755750300,0.2385450
1755750600,0.2387341
1755751200,0.2392876
1755751500,0.2393009
1755752100,0.2393346
1755752400,0.2391614
1755753000,0.2381518
1755753300,0.2381707
1755753900,0.2383610
1755754200,0.2383843
1755754800,0.2388019
1755755100,0.2389387
1755755700,0.2397448
1755756000,0.2397746
1755756600,0.2382435
1755756900,0.2381290
1755757500,0.2378780
1755757800,0.2379290
1755758400,0.2380804
1755758700,0.2379954
1755759300,0.2379163
1755759600,0.2378854
1755760200,0.2380376
1755760500,0.2375978
1755761100,0.2370101
1755761400,0.2371823
1755762000,0.2380411
1755762300,0.2381088
1755762900,0.2382182
1755763200,0.2382543
1755763800,0.2383405
1755764100,0.2382023
1755764700,0.2372306
1755765000,0.2373434
1755765600,0.2369972
1755765900,0.2370386
1755766500,0.2367909
1755766800,0.2365943
1755767400,0.2357875
1755767700,0.2357590
1755768300,0.2355874
1755768600,0.2356822
1755769200,0.2365707
1755769500,0.2369801
1755770100,0.2362068
1755770400,0.2360498
1755771000,0.2362189
1755771300,0.2360668
1755771900,0.2361168
1755772200,0.2362173
1755772800,0.2360245
1755773100,0.2364431
1755773700,0.2365341
1755774000,0.2361926
1755774600,0.2364666
1755774900,0.2363726
1755775500,0.2364378
1755775800,0.2366472
1755776400,0.2362107
1755776700,0.2363406
1755777300,0.2358730
1755777600,0.2360897
1755778200,0.2363409
1755778500,0.2359659
1755779100,0.2360129
1755779400,0.2359407
1755780000,0.2364346
1755780300,0.2363573
1755780900,0.2350038
1755781200,0.2354341
1755781800,0.2362090
1755782100,0.2362089
1755782700,0.2368473
1755783000,0.2371064
1755783600,0.2375520
1755783900,0.2374778
1755784500,0.2372656
1755784800,0.2363920
1755785400,0.2376286
1755785700,0.2377755
1755786300,0.2382046
1755786600,0.2382547
1755787200,0.2366654
1755787500,0.2354516
1755788100,0.2360928
1755788400,0.2361801
1755789000,0.2358146
1755789300,0.2350522
1755789900,0.2357623
1755790200,0.2354345
1755790800,0.2351192
1755791100,0.2353371
1755791700,0.2341891
1755792000,0.2338533
1755792600,0.2339948
1755792900,0.2344889
1755793500,0.2342545
1755793800,0.2338871
1755794400,0.2336236
1755794700,0.2336544
1755795300,0.2335698
1755795600,0.2331650
1755796200,0.2325287
1755796500,0.2328857
1755797100,0.2333354
1755797400,0.2335133
1755798000,0.2352051
1755798300,0.2349365
1755798900,0.2344044
1755799200,0.2343662
1755799800,0.2350716
1755800100,0.2348720
1755800700,0.2355467
1755801000,0.2357750
1755801600,0.2359626
1755801900,0.2360151
1755802500,0.2361021
1755802800,0.2364477
1755803400,0.2368342
1755803700,0.2366701
1755804300,0.2354276
1755804600,0.2350600
1755805200,0.2349255
1755805500,0.2350620
1755806100,0.2346253
1755806400,0.2345151
1755807000,0.2347569
1755807300,0.2348184
1755807900,0.2354160
1755808200,0.2355747
1755808800,0.2343737
1755809100,0.2346974
1755809700,0.2356632
1755810000,0.2359618
1755810600,0.2353719
1755810900,0.2357287
1755811500,0.2362554
1755811800,0.2363308
1755812400,0.2364292
1755812700,0.2364374
1755813300,0.2366163
1755813600,0.2365849
1755814200,0.2367208
1755814500,0.2369665
1755815100,0.2373903
1755815400,0.2373128
1755816000,0.2368597
1755816300,0.2367006
1755816900,0.2368573
1755817200,0.2369937
1755817800,0.2361510
1755818100,0.2359380
1755818700,0.2353733
1755819000,0.2356037
1755819600,0.2349640
1755819900,0.2349207
1755820500,0.2353130
1755820800,0.2354596
1755821400,0.2366948
1755821700,0.2366191
1755822300,0.2369286
1755822600,0.2369944
1755823200,0.2371297
1755823500,0.2371151
1755824100,0.2356159
1755824400,0.2358657
1755825000,0.2350443
1755825300,0.2346611
1755825900,0.2360476
1755826200,0.2361130
1755826800,0.2360465
1755827100,0.2361242
1755827700,0.2363822
1755828000,0.2364460
1755828600,0.2368410
1755828900,0.2372985
1755829500,0.2382005
1755829800,0.2382100
1755830400,0.2375104
1755830700,0.2375088
1755831300,0.2373299
1755831600,0.2368823
1755832200,0.2371183
1755832500,0.2372232
1755833100,0.2360429
1755833400,0.2359603
1755834000,0.2355571
1755834300,0.2350040
1755834900,0.2347548
1755835200,0.2350286
1755835800,0.2360306
1755836100,0.2360735
1755836700,0.2367855
1755837000,0.2364863
1755837600,0.2364758
1755837900,0.2362353
1755838500,0.2351510
1755838800,0.2353164
1755839400,0.2359327
1755839700,0.2361062
1755840300,0.2356360
1755840600,0.2354117
1755841200,0.2356484
1755841500,0.2353274
1755842100,0.2362895
1755842400,0.2364528
1755843000,0.2357360
1755843300,0.2360410
1755843900,0.2368977
1755844200,0.2365258
1755844800,0.2353417
1755845100,0.2349315
1755845700,0.2353586
1755846000,0.2354557
1755846600,0.2365588
1755846900,0.2366847
1755847500,0.2368067
1755847800,0.2370143
1755848400,0.2374103
1755848700,0.2374439
1755849300,0.2374393
1755849600,0.2372647
1755850200,0.2377313
1755850500,0.2377734
1755851100,0.2382375
1755851400,0.2378298
1755852000,0.2378906
1755852300,0.2377276
1755852900,0.2371723
1755853200,0.2371674
1755853800,0.2370979
1755854100,0.2370659
1755854700,0.2366783
1755855000,0.2365698
1755855600,0.2361469
1755855900,0.2364524
1755856500,0.2368274
1755856800,0.2369428
1755857400,0.2359793
1755857700,0.2360323
1755858300,0.2352882
1755858600,0.2354753
1755859200,0.2348139
1755859500,0.2346415
1755860100,0.2344272
1755860400,0.2344115
1755861000,0.2336517
1755861300,0.2333712
1755861900,0.2329210
1755862200,0.2329784
1755862800,0.2325458
1755863100,0.2324984
1755863700,0.2327503
1755864000,0.2324774
1755864600,0.2307591
1755864900,0.2307764
1755865500,0.2303864
1755865800,0.2300797
1755866400,0.2283469
1755866700,0.2294721
1755867300,0.2307054
1755867600,0.2302294
1755868200,0.2303011
1755868500,0.2302711
1755869100,0.2298328
1755869400,0.2301074
1755870000,0.2297489
1755870300,0.2325209
1755870900,0.2323312
1755871200,0.2317948
1755871800,0.2432117
1755872100,0.2451249
1755872700,0.2442559
1755873000,0.2452649
1755873600,0.2469082
1755873900,0.2473081
1755874500,0.2484023
1755874800,0.2478402
1755875400,0.2496311
1755875700,0.2495227
1755876300,0.2500325
1755876600,0.2496835
1755877200,0.2508750
1755877500,0.2511316
1755878100,0.2509263
1755878400,0.2505811
1755879000,0.2543723
1755879300,0.2532594
1755879900,0.2526033
1755880200,0.2530948
1755880800,0.2539964
1755881100,0.2536853
1755881700,0.2523608
1755882000,0.2522264
1755882600,0.2535873
1755882900,0.2543476
1755883500,0.2555442
1755883800,0.2559725
1755884400,0.2558686
1755884700,0.2553453
1755885300,0.2551738
1755885600,0.2558012
1755886200,0.2552947
1755886500,0.2551850
1755887100,0.2537562
1755887400,0.2538669
1755888000,0.2541920
1755888300,0.2543232
1755888900,0.2542203
1755889200,0.2542913
1755889800,0.2549453
1755890100,0.2552370
1755890700,0.2558064
1755891000,0.2559330
1755891600,0.2560911
1755891900,0.2561710
1755892500,0.2561616
1755892800,0.2559396
1755893400,0.2558927
1755893700,0.2555845
1755894300,0.2558862
1755894600,0.2558454
1755895200,0.2556849
1755895500,0.2552714
1755896100,0.2555339
1755896400,0.2555169
1755897000,0.2572569
1755897300,0.2569513
1755897900,0.2571468
1755898200,0.2577469
1755898800,0.2578944
1755899100,0.2583279
1755899700,0.2578912
1755900000,0.2579077
1755900600,0.2572642
1755900900,0.2569709
1755901500,0.2570660
1755901800,0.2569660
1755902400,0.2564850
1755902700,0.2564793
1755903300,0.2560369
1755903600,0.2556493
1755904200,0.2559940
1755904500,0.2563257
1755905100,0.2565025
1755905400,0.2566804
1755906000,0.2571343
1755906300,0.2572294
1755906900,0.2564744
1755907200,0.2568024
1755907800,0.2561986
1755908100,0.2556314
1755908700,0.2558620
1755909000,0.2560157
1755909600,0.2554156
1755909900,0.2549679
1755910500,0.2543672
1755910800,0.2543086
1755911400,0.2540473
1755911700,0.2535973
1755912300,0.2524352
1755912600,0.2523025
1755913200,0.2514084
1755913500,0.2512640
1755914100,0.2523172
1755914400,0.2526533
1755915000,0.2519332
1755915300,0.2517718
1755915900,0.2515300
1755916200,0.2505539
1755916800,0.2473132
1755917100,0.2479994
1755917700,0.2490198
1755918000,0.2493056
1755918600,0.2481229
1755918900,0.2486712
1755919500,0.2481956
1755919800,0.2487413
1755920400,0.2476153
1755920700,0.2472787
1755921300,0.2471918
1755921600,0.2475721
1755922200,0.2487752
1755922500,0.2485993
1755923100,0.2485933
1755923400,0.2491090
1755924000,0.2509041
1755924300,0.2506419
1755924900,0.2510108
1755925200,0.2509449
1755925800,0.2509894
1755926100,0.2511749
1755926700,0.2532019
1755927000,0.2531372
1755927600,0.2543139
1755927900,0.2541318
1755928500,0.2545878
1755928800,0.2549847
1755929400,0.2550482
1755929700,0.2540733
1755930300,0.2540596
1755930600,0.2542406
1755931200,0.2537888
1755931500,0.2532417
1755932100,0.2534402
1755932400,0.2536820
1755933000,0.2529489
1755933300,0.2533288
1755933900,0.2521863
1755934200,0.2519887
1755934800,0.2513953
1755935100,0.2516731
1755935700,0.2510029
1755936000,0.2509687
1755936600,0.2513898
1755936900,0.2513096
1755937500,0.2506444
1755937800,0.2500611
1755938400,0.2508743
1755938700,0.2506758
1755939300,0.2508678
1755939600,0.2507817
1755940200,0.2499379
1755940500,0.2499607
1755941100,0.2496784
1755941400,0.2496569
1755942000,0.2501980
1755942300,0.2503046
1755942900,0.2506876
1755943200,0.2505408
1755943800,0.2501304
1755944100,0.2498229
1755944700,0.2490735
1755945000,0.2491560
1755945600,0.2492866
1755945900,0.2491528
1755946500,0.2494131
1755946800,0.2493264
1755947400,0.2503792
1755947700,0.2504996
1755948300,0.2499844
1755948600,0.2496406
1755949200,0.2501355
1755949500,0.2502115
1755950100,0.2503716
1755950400,0.2500154
1755951000,0.2495099
1755951300,0.2497336
1755951900,0.2500100
1755952200,0.2497326
1755952800,0.2499156
1755953100,0.2499751
1755953700,0.2490808
1755954000,0.2491332
1755954600,0.2490876
1755954900,0.2490415
1755955500,0.2488722
1755955800,0.2487924
1755956400,0.2484809
1755956700,0.2483350
1755957300,0.2489242
1755957600,0.2486184
1755958200,0.2485364
1755958500,0.2488203
1755959100,0.2500948
1755959400,0.2500347
1755960000,0.2486767
1755960300,0.2485901
1755960900,0.2484101
1755961200,0.2480483
1755961800,0.2482364
1755962100,0.2484253
1755962700,0.2487365
1755963000,0.2485748
1755963600,0.2485863
1755963900,0.2486861
1755964500,0.2489910
1755964800,0.2489267
1755965400,0.2487944
1755965700,0.2482990
1755966300,0.2492566
1755966600,0.2491590
1755967200,0.2484341
1755967500,0.2482621
1755968100,0.2488603
1755968400,0.2490640
1755969000,0.2495562
1755969300,0.2495847
1755969900,0.2492248
1755970200,0.2489688
1755970800,0.2494722
1755971100,0.2495748
1755971700,0.2493618
1755972000,0.2493260
1755972600,0.2493255
1755972900,0.2495469
1755973500,0.2498752
1755973800,0.2498572
1755974400,0.2500837
1755974700,0.2500742
1755975300,0.2500561
1755975600,0.2502145
1755976200,0.2514261
1755976500,0.2513406
1755977100,0.2514800
1755977400,0.2514071
1755978000,0.2519928
1755978300,0.2520635
1755978900,0.2529056
1755979200,0.2531104
1755979800,0.2534579
1755980100,0.2533933
1755980700,0.2531276
1755981000,0.2531453
1755981600,0.2524698
1755981900,0.2523425
1755982500,0.2530591
1755982800,0.2532767
1755983400,0.2527751
1755983700,0.2527848
1755984300,0.2523424
1755984600,0.2523286
1755985200,0.2526547
1755985500,0.2526571
1755986100,0.2528116
1755986400,0.2525989
1755987000,0.2534413
1755987300,0.2532883
1755987900,0.2531540
1755988200,0.2530768
1755988800,0.2534250
1755989100,0.2533025
1755989700,0.2533576
1755990000,0.2535084
1755990600,0.2539312
1755990900,0.2538770
1755991500,0.2542959
1755991800,0.2543707
1755992400,0.2533511
1755992700,0.2533558
1755993300,0.2530823
1755993600,0.2531865
1755994200,0.2529745
1755994500,0.2527370
1755995100,0.2527138
1755995400,0.2529095
1755996000,0.2530527
1755996300,0.2533685
1755996900,0.2532766
1755997200,0.2531296
1755997800,0.2523651
1755998100,0.2519954
1755998700,0.2518336
1755999000,0.2515985
1755999600,0.2519860
1755999900,0.2521462
1756000500,0.2526649
1756000800,0.2525462
1756001400,0.2526490
1756001700,0.2521769
1756002300,0.2525750
1756002600,0.2529629
1756003200,0.2526165
1756003500,0.2526740
1756004100,0.2518418
1756004400,0.2517622
1756005000,0.2512883
1756005300,0.2509568
1756005900,0.2511867
1756006200,0.2509283
1756006800,0.2509235
1756007100,0.2509918
1756007700,0.2517045
1756008000,0.2517837
1756008600,0.2514797
1756008900,0.2515277
1756009500,0.2516580
1756009800,0.2515457
1756010400,0.2513523
1756010700,0.2512683
1756011300,0.2510766
1756011600,0.2512107
1756012200,0.2509616
1756012500,0.2508941
1756013100,0.2510522
1756013400,0.2509414
1756014000,0.2502170
1756014300,0.2504035
1756014900,0.2499351
1756015200,0.2499382
1756015800,0.2494937
1756016100,0.2495235
1756016700,0.2486080
1756017000,0.2488374
1756017600,0.2479976
1756017900,0.2484200
1756018500,0.2477354
1756018800,0.2476188
1756019400,0.2478810
1756019700,0.2481484
1756020300,0.2481356
1756020600,0.2484566
1756021200,0.2484484
1756021500,0.2481146
1756022100,0.2474037
1756022400,0.2472300
1756023000,0.2474704
1756023300,0.2478204
1756023900,0.2478387
1756024200,0.2477568
1756024800,0.2477090
1756025100,0.2475484
1756025700,0.2478693
1756026000,0.2478073
1756026600,0.2476845
1756026900,0.2473171
1756027500,0.2470865
1756027800,0.2469306
1756028400,0.2474785
1756028700,0.2475081
1756029300,0.2472385
1756029600,0.2471417
1756030200,0.2470043
1756030500,0.2467748
1756031100,0.2457376
1756031400,0.2459043
1756032000,0.2449124
1756032300,0.2452053
1756032900,0.2447253
1756033200,0.2446915
1756033800,0.2444593
1756034100,0.2439935
1756034400,0.2434632
1756034700,0.2434546
1756035000,0.2439067
1756035300,0.2443019
1756035600,0.2439614
1756035900,0.2437894
1756036200,0.2438243
1756036500,0.2441141
1756036800,0.2441439
1756037100,0.2439689
1756037400,0.2438944
1756037700,0.2446883
1756038000,0.2447235
1756038300,0.2445432
1756038600,0.2441897
1756038900,0.2444662
1756039200,0.2443215
1756039500,0.2444780
1756039800,0.2443934
1756040100,0.2448141
1756040400,0.2452835
1756040700,0.2456435
1756041000,0.2464669
1756041300,0.2463930
1756041600,0.2466414
1756041900,0.2470032
1756042200,0.2470845
1756042500,0.2469603
1756042800,0.2468845
1756043100,0.2460553
1756043400,0.2461667
1756043700,0.2460155
1756044000,0.2459046
1756044300,0.2455814
1756044600,0.2450319
1756044900,0.2452592
1756045200,0.2457186
1756045500,0.2456026
1756045800,0.2453077
1756046100,0.2450340
1756046400,0.2452674
1756046700,0.2455277
1756047000,0.2458537
1756047300,0.2464137
1756047600,0.2466988
1756047900,0.2467121
1756048200,0.2475320
1756048500,0.2486051
1756048800,0.2482681
1756049100,0.2488881
1756049400,0.2492573
1756049700,0.2491552
1756050000,0.2484229
1756050300,0.2483836
1756050600,0.2475131
1756050900,0.2468615
1756051200,0.2466545
1756051500,0.2471779
1756051800,0.2472629
1756052100,0.2472127
1756052400,0.2470077
1756052700,0.2469229
1756053000,0.2466568
1756053300,0.2462232
1756053600,0.2467235
1756053900,0.2472091
1756054200,0.2470599
1756054500,0.2474568
1756054800,0.2475832
1756055100,0.2479433
1756055400,0.2483225
1756055700,0.2484695
1756056000,0.2490709
1756056300,0.2492737
1756056600,0.2493713
1756056900,0.2494128
1756057200,0.2496505
1756057500,0.2504661
1756057800,0.2515327
1756058100,0.2508030
1756058400,0.2508024
1756058700,0.2507598
1756059000,0.2510097
1756059300,0.2516811
1756059600,0.2522145
1756059900,0.2531245
1756060200,0.2532695
1756060500,0.2538402
1756060800,0.2547627
1756061100,0.2553565
1756061400,0.2562006
1756061700,0.2566426
1756062000,0.2566077
1756062300,0.2572112
1756062600,0.2582222
1756062900,0.2582653
1756063200,0.2591264
1756063500,0.2598469
1756063800,0.2585174
1756064100,0.2553656
1756064400,0.2502799
1756064700,0.2508119
1756065000,0.2540658
1756065300,0.2517053
1756065600,0.2513112
1756065900,0.2496922
1756066200,0.2483146
1756066500,0.2479554
1756066800,0.2490997
1756067100,0.2508542
1756067400,0.2504561
1756067700,0.2497878
1756068000,0.2493242
1756068300,0.2502491
1756068600,0.2497803
1756068900,0.2499301
1756069200,0.2489404
1756069500,0.2480542
1756069800,0.2483118
1756070100,0.2492378
1756070400,0.2489944
1756070700,0.2495517
1756071000,0.2489536
1756071300,0.2499307
1756071600,0.2505676
1756071900,0.2501167
1756072200,0.2502684
1756072500,0.2503681
1756072800,0.2495326
1756073100,0.2489131
1756073400,0.2484443
1756073700,0.2486994
1756074000,0.2484099
1756074300,0.2470161
1756074600,0.2467003
1756074900,0.2470572
1756075200,0.2477566
1756075500,0.2481568
1756075800,0.2486557
1756076100,0.2496899
1756076400,0.2498286
1756076700,0.2497902
1756077000,0.2494550
1756077300,0.2496718
1756077600,0.2498861
1756077900,0.2497939
1756078200,0.2497681
1756078500,0.2492563
1756078800,0.2492180
1756079100,0.2491409
1756079400,0.2489789
1756079700,0.2481645
1756080000,0.2478956
1756080300,0.2484808
1756080600,0.2489857
1756080900,0.2485123
1756081200,0.2473423
1756081500,0.2471933
1756081800,0.2469376
1756082100,0.2460635
1756082400,0.2453186
1756082700,0.2443696
1756083000,0.2438316
1756083300,0.2444907
1756083600,0.2445256
1756083900,0.2446211
1756084200,0.2447053
1756084500,0.2449572
1756084800,0.2446369
1756085100,0.2466891
1756085400,0.2468327
1756085700,0.2459483
1756086000,0.2453905
1756086300,0.2451348
1756086600,0.2456338
1756086900,0.2457116
1756087200,0.2454635
1756087500,0.2464480
1756087800,0.2470434
1756088100,0.2473967
1756088400,0.2477748
1756088700,0.2493567
1756089000,0.2492524
1756089300,0.2491043
1756089600,0.2493843
1756089900,0.2493136
1756090200,0.2494713
1756090500,0.2501781
1756090800,0.2500084
1756091100,0.2496287
1756091400,0.2501936
1756091700,0.2500782
1756092000,0.2494907
1756092300,0.2487150
1756092600,0.2484434
1756092900,0.2483790
1756093200,0.2495661
1756093500,0.2495718
1756093800,0.2497255
1756094100,0.2494703
1756094400,0.2486385
1756094700,0.2482923
1756095000,0.2478811
1756095300,0.2472525
1756095600,0.2474898
1756095900,0.2473638
1756096200,0.2470423
1756096500,0.2466359
1756096800,0.2462844
1756097100,0.2467626
1756097400,0.2467989
1756097700,0.2463771
1756098000,0.2463039
1756098300,0.2463593
1756098600,0.2456678
1756098900,0.2452427
1756099200,0.2452076
1756099500,0.2451483
1756099800,0.2454515
1756100100,0.2453441
1756100400,0.2450519
1756100700,0.2450218
1756101000,0.2449174
1756101300,0.2443489
1756101600,0.2441765
1756101900,0.2438719
1756102200,0.2432982
1756102500,0.2434177
1756102800,0.2434562
1756103100,0.2439679
1756103400,0.2437616
1756103700,0.2428289
1756104000,0.2428818
1756104300,0.2427130
1756104600,0.2419818
1756104900,0.2415739
1756105200,0.2417607
1756105500,0.2421852
1756105800,0.2413591
1756106100,0.2415379
1756106400,0.2413139
1756106700,0.2409123
1756107000,0.2406257
1756107300,0.2398653
1756107600,0.2403180
1756107900,0.2399928
1756108200,0.2390461
1756108500,0.2381038
1756108800,0.2382049
1756109100,0.2378452
1756109400,0.2376711
1756109700,0.2384675
1756110000,0.2398371
1756110300,0.2390628
1756110600,0.2389772
1756110900,0.2388210
1756111200,0.2395757
1756111500,0.2390872
1756111800,0.2388494
1756112100,0.2389666
1756112400,0.2391525
1756112700,0.2386166
1756113000,0.2371419
1756113300,0.2371708
1756113600,0.2376781
1756113900,0.2376101
1756114200,0.2372901
1756114500,0.2370959
1756114800,0.2374613
1756115100,0.2378137
1756115400,0.2376626
1756115700,0.2375148
1756116000,0.2377962
1756116300,0.2376423
1756116600,0.2371814
1756116900,0.2373033
1756117200,0.2368174
1756117500,0.2363213
1756117800,0.2359822
1756118100,0.2362414
1756118400,0.2358765
1756118700,0.2359612
1756119000,0.2363623
1756119300,0.2364710
1756119600,0.2363135
1756119900,0.2362101
1756120200,0.2361252
1756120500,0.2362867
1756120800,0.2359373
1756121100,0.2359286
1756121400,0.2357901
1756121700,0.2357310
1756122000,0.2358484
1756122300,0.2358155
1756122600,0.2359250
1756122900,0.2363335
1756123200,0.2363269
1756123500,0.2362504
1756123800,0.2358874
1756124100,0.2364127
1756124400,0.2363226
1756124700,0.2370432
1756125000,0.2373101
1756125300,0.2373350
1756125600,0.2371956
1756125900,0.2376946
1756126200,0.2375663
1756126500,0.2377314
1756126800,0.2380160
1756127100,0.2381132
1756127400,0.2377990
1756127700,0.2375197
1756128000,0.2371277
1756128300,0.2376827
1756128600,0.2382823
1756128900,0.2363133
1756129200,0.2372879
1756129500,0.2370453
1756129800,0.2371443
1756130100,0.2382183
1756130400,0.2380144
1756130700,0.2382154
1756131000,0.2396400
1756131300,0.2401697
1756131600,0.2410271
1756131900,0.2412390
1756132200,0.2404053
1756132500,0.2399091
1756132800,0.2404591
1756133100,0.2399970
1756133400,0.2402420
1756133700,0.2401937
1756134000,0.2399686
1756134300,0.2398053
1756134600,0.2391935
1756134900,0.2388133
1756135200,0.2395431
1756135500,0.2394246
1756135800,0.2398323
1756136100,0.2396288
1756136400,0.2391865
1756136700,0.2390346
1756137000,0.2384519
1756137300,0.2384304
1756137600,0.2381801
1756137900,0.2372737
1756138200,0.2385909
1756138500,0.2393662
1756138800,0.2396948
1756139100,0.2398259
1756139400,0.2391861
1756139700,0.2387070
1756140000,0.2393887
1756140300,0.2393760
1756140600,0.2392443
1756140900,0.2387656
1756141200,0.2385211
1756141500,0.2370981
1756141800,0.2374241
1756142100,0.2375970
1756142400,0.2370602
1756142700,0.2374881
1756143000,0.2380073
1756143300,0.2374660
1756143600,0.2373867
1756143900,0.2369775
1756144200,0.2370907
1756144500,0.2381643
1756144800,0.2379714
1756145100,0.2368707
1756145400,0.2373605
1756145700,0.2375957
1756146000,0.2371495
1756146300,0.2371938
1756146600,0.2370376
1756146900,0.2370795
1756147200,0.2369574
1756147500,0.2364434
1756147800,0.2365795
1756148100,0.2368219
1756148400,0.2366978
1756148700,0.2364220
1756149000,0.2368028
1756149300,0.2364767
1756149600,0.2350289
1756149900,0.2355777
1756150200,0.2357348
1756150500,0.2345061
1756150800,0.2336064
1756151100,0.2335968
1756151400,0.2338745
1756151700,0.2331779
1756152000,0.2322983
1756152300,0.2321737
1756152600,0.2319341
1756152900,0.2307131
1756153200,0.2319731
1756153500,0.2309012
1756153800,0.2314200
1756154100,0.2298594
1756154400,0.2283095
1756154700,0.2293027
1756155000,0.2284559
1756155300,0.2282532
1756155600,0.2285394
1756155900,0.2277030
1756156200,0.2285301
1756156500,0.2279502
1756156800,0.2283071
1756157100,0.2285556
1756157400,0.2286406
1756157700,0.2282694
1756158000,0.2287335
1756158300,0.2278994
1756158600,0.2287938
1756158900,0.2287570
1756159200,0.2284748
1756159500,0.2283392
1756159800,0.2281278
1756160100,0.2284036
1756160400,0.2277462
1756160700,0.2287853
1756161000,0.2297881
1756161300,0.2303994
1756161600,0.2301022
1756161900,0.2308669
1756162200,0.2306434
1756162500,0.2301522
1756162800,0.2298995
1756163100,0.2302652
1756163400,0.2298972
1756163700,0.2299486
1756164000,0.2304344
1756164300,0.2296296
1756164600,0.2293062
1756164900,0.2299620
1756165200,0.2298835
1756165500,0.2299959
1756165800,0.2305420
1756166100,0.2310354
1756166400,0.2310634
1756166700,0.2309007
1756167000,0.2307969
1756167300,0.2305563
1756167600,0.2318649
1756167900,0.2311170
1756168200,0.2314149
1756168500,0.2323346
1756168800,0.2314383
1756169100,0.2314790
1756169400,0.2314305
1756169700,0.2315798
1756170000,0.2327403
1756170300,0.2327217
1756170600,0.2338099
1756170900,0.2334577
1756171200,0.2330962
1756171500,0.2344371
1756171800,0.2345023
1756172100,0.2344542
1756172400,0.2346385
1756172700,0.2349711
1756173000,0.2351978
1756173300,0.2355358
1756173600,0.2359080
1756173900,0.2349230
1756174200,0.2344306
1756174500,0.2348911
1756174800,0.2340240
1756175100,0.2337175
1756175400,0.2331703
1756175700,0.2331009
1756176000,0.2328045
1756176300,0.2324964
1756176600,0.2332843
1756176900,0.2327416
1756177200,0.2331298
1756177500,0.2332671
1756177800,0.2336760
1756178100,0.2338618
1756178400,0.2339868
1756178700,0.2345625
1756179000,0.2343773
1756179300,0.2347929
1756179600,0.2345765
1756179900,0.2343929
1756180200,0.2341892
1756180500,0.2336138
1756180800,0.2338696
1756181100,0.2342749
1756181400,0.2346794
1756181700,0.2349446
1756182000,0.2356147
1756182300,0.2348817
1756182600,0.2346974
1756182900,0.2353954
1756183200,0.2357518
1756183500,0.2358674
1756183800,0.2357685
1756184100,0.2361544
1756184400,0.2358306
1756184700,0.2356977
1756185000,0.2357879
1756185300,0.2359747
1756185600,0.2358381
1756185900,0.2355127
1756186200,0.2353819
1756186500,0.2355622
1756186800,0.2358164
1756187100,0.2360393
1756187400,0.2361341
1756187700,0.2358485
1756188000,0.2353394
1756188300,0.2344054
1756188600,0.2343881
1756188900,0.2350800
1756189200,0.2352603
1756189500,0.2344241
1756189800,0.2343887
1756190100,0.2348646
1756190400,0.2349534
1756190700,0.2346194
1756191000,0.2350731
1756191300,0.2348337
1756191600,0.2350087
1756191900,0.2352361
1756192200,0.2357256
1756192500,0.2355921
1756192800,0.2356368
1756193100,0.2349659
1756193400,0.2352904
1756193700,0.2368025
1756194000,0.2376295
1756194300,0.2372371
1756194600,0.2365302
1756194900,0.2362684
1756195200,0.2359348
1756195500,0.2360165
1756195800,0.2359081
1756196100,0.2361370
1756196400,0.2360268
1756196700,0.2352282
1756197000,0.2351175
1756197300,0.2346823
1756197600,0.2348257
1756197900,0.2350965
1756198200,0.2362470
1756198500,0.2359011
1756198800,0.2358713
1756199100,0.2361746
1756199400,0.2367046
1756199700,0.2375616
1756200000,0.2378649
1756200300,0.2379548
1756200600,0.2379541
1756200900,0.2383194
1756201200,0.2384554
1756201500,0.2381006
1756201800,0.2373247
1756202100,0.2372924
1756202400,0.2374046
1756202700,0.2379001
1756203000,0.2378718
1756203300,0.2379443
1756203600,0.2374575
1756203900,0.2368809
1756204200,0.2362926
1756204500,0.2365584
1756204800,0.2368976
1756205100,0.2368515
1756205400,0.2364129
1756205700,0.2361682
1756206000,0.2357704
1756206300,0.2357223
1756206600,0.2353218
1756206900,0.2350309
1756207200,0.2347340
1756207500,0.2342393
1756207800,0.2343620
1756208100,0.2338837
1756208400,0.2337070
1756208700,0.2338986
1756209000,0.2338637
1756209300,0.2341565
1756209600,0.2345631
1756209900,0.2338509
1756210200,0.2336694
1756210500,0.2337492
1756210800,0.2336986
1756211100,0.2338170
1756211400,0.2340374
1756211700,0.2346196
1756212000,0.2385040
1756212300,0.2380911
1756212600,0.2378631
1756212900,0.2357145
1756213200,0.2357843
1756213500,0.2349242
1756213800,0.2353944
1756214100,0.2350204
1756214400,0.2349918
1756214700,0.2352224
1756215000,0.2347797
1756215300,0.2359442
1756215600,0.2353441
1756215900,0.2354393
1756216200,0.2344304
1756216500,0.2349299
1756216800,0.2349674
1756217100,0.2354613
1756217400,0.2351831
1756217700,0.2349700
1756218000,0.2354323
1756218300,0.2362117
1756218600,0.2363525
1756218900,0.2364692
1756219200,0.2363050
1756219500,0.2359505
1756219800,0.2357287
1756220100,0.2362641
1756220400,0.2365923
1756220700,0.2371806
1756221000,0.2371047
1756221300,0.2362896
1756221600,0.2359065
1756221900,0.2363661
1756222200,0.2362620
1756222500,0.2353288
1756222800,0.2350980
1756223100,0.2352946
1756223400,0.2358241
1756223700,0.2360158
1756224000,0.2360967
1756224300,0.2361635
1756224600,0.2360748
1756224900,0.2359481
1756225200,0.2364638
1756225500,0.2363791
1756225800,0.2366696
1756226100,0.2370622
1756226400,0.2373316
1756226700,0.2377288
1756227000,0.2377818
1756227300,0.2380301
1756227600,0.2386134
1756227900,0.2386097
1756228200,0.2381085
1756228500,0.2380679
1756228800,0.2384308
1756229100,0.2389967
1756229400,0.2389244
1756229700,0.2386882
1756230000,0.2380607
1756230300,0.2375271
1756230600,0.2377408
1756230900,0.2381710
1756231200,0.2383540
1756231500,0.2391373
1756231800,0.2391752
1756232100,0.2393380
1756232400,0.2393640
1756232700,0.2398441
1756233000,0.2399553
1756233300,0.2402776
1756233600,0.2405159
1756233900,0.2407665
1756234200,0.2408465
1756234500,0.2409850
1756234800,0.2407781
1756235100,0.2404997
1756235400,0.2399501
1756235700,0.2402837
1756236000,0.2413373
1756236300,0.2415279
1756236600,0.2417234
1756236900,0.2423449
1756237200,0.2428649
1756237500,0.2430517
1756237800,0.2438178
1756238100,0.2445925
1756238400,0.2446796
1756238700,0.2435550
1756239000,0.2433944
1756239300,0.2442117
1756239600,0.2445539
1756239900,0.2441716
1756240200,0.2442254
1756240500,0.2436721
1756240800,0.2430746
1756241100,0.2429673
1756241400,0.2424441
1756241700,0.2430353
1756242000,0.2428379
1756242300,0.2425753
1756242600,0.2421014
1756242900,0.2421395
1756243200,0.2424078
1756243500,0.2421265
1756243800,0.2424186
1756244100,0.2426395
1756244400,0.2422692
1756244700,0.2424445
1756245000,0.2425944
1756245300,0.2431508
1756245600,0.2432729
1756245900,0.2437153
1756246200,0.2434096
1756246500,0.2434401
1756246800,0.2439838
1756247100,0.2430963
1756247400,0.2424392
1756247700,0.2425729
1756248000,0.2423806
1756248300,0.2422315
1756248600,0.2424090
1756248900,0.2425187
1756249200,0.2425929
1756249500,0.2427582
1756249800,0.2438837
1756250100,0.2436499
1756250400,0.2430325
1756250700,0.2426087
1756251000,0.2424252
1756251300,0.2421904
1756251600,0.2418385
1756251900,0.2420927
1756252200,0.2419171
1756252500,0.2417199
1756252800,0.2417400
1756253100,0.2416596
1756253400,0.2412527
1756253700,0.2414810
1756254000,0.2411517
1756254300,0.2414952
1756254600,0.2412351
1756254900,0.2411507
1756255200,0.2413196
1756255500,0.2408941
1756255800,0.2401524
1756256100,0.2405700
1756256400,0.2403067
1756256700,0.2401524
1756257000,0.2399814
1756257300,0.2400900
1756257600,0.2400053
1756257900,0.2401758
1756258200,0.2402369
1756258500,0.2403418
1756258800,0.2403631
1756259100,0.2398827
1756259400,0.2401676
1756259700,0.2403629
1756260000,0.2402638
1756260300,0.2399962
1756260600,0.2397105
1756260900,0.2395190
1756261200,0.2398528
1756261500,0.2407187
1756261800,0.2406809
1756262100,0.2406395
1756262400,0.2405861
1756262700,0.2408714
1756263000,0.2407096
1756263300,0.2408285
1756263600,0.2404688
1756263900,0.2404267
1756264200,0.2399861
1756264500,0.2398162
1756264800,0.2395695
1756265100,0.2391704
1756265400,0.2393417
1756265700,0.2399855
1756266000,0.2400685
1756266300,0.2403437
1756266600,0.2412332
1756266900,0.2423477
1756267200,0.2417434
1756267500,0.2417571
1756267800,0.2425754
1756268100,0.2423519
1756268400,0.2422797
1756268700,0.2417334
1756269000,0.2415086
1756269300,0.2420367
1756269600,0.2423348
1756269900,0.2426189
1756270200,0.2432082
1756270500,0.2429032
1756270800,0.2426950
1756271100,0.2422311
1756271400,0.2423201
1756271700,0.2427032
1756272000,0.2423959
1756272300,0.2425022
1756272600,0.2421770
1756272900,0.2417499
1756273200,0.2415294
1756273500,0.2411954
1756273800,0.2409655
1756274100,0.2409750
1756274400,0.2408427
1756274700,0.2407220
1756275000,0.2407852
1756275300,0.2406352
1756275600,0.2405288
1756275900,0.2406306
1756276200,0.2411361
1756276500,0.2413449
1756276800,0.2413000
1756277100,0.2411541
1756277400,0.2407078
1756277700,0.2404277
1756278000,0.2402626
1756278300,0.2402190
1756278600,0.2400228
1756278900,0.2401306
1756279200,0.2399104
1756279500,0.2398353
1756279800,0.2396615
1756280100,0.2395751
1756280400,0.2396177
1756280700,0.2393754
1756281000,0.2397708
1756281300,0.2400947
1756281600,0.2397907
1756281900,0.2400516
1756282200,0.2399037
1756282500,0.2397469
1756282800,0.2392426
1756283100,0.2393610
1756283400,0.2390950
1756283700,0.2391322
1756284000,0.2400320
1756284300,0.2399765
1756284600,0.2395627
1756284900,0.2400838
1756285200,0.2404679
1756285500,0.2415423
1756285800,0.2415230
1756286100,0.2410268
1756286400,0.2413413
1756286700,0.2414508
1756287000,0.2413470
1756287300,0.2410289
1756287600,0.2407167
1756287900,0.2405326
1756288200,0.2404589
1756288500,0.2403799
1756288800,0.2402129
1756289100,0.2404078
1756289400,0.2403154
1756289700,0.2402572
1756290000,0.2403384
1756290300,0.2400761
1756290600,0.2402578
1756290900,0.2402138
1756291200,0.2395883
1756291500,0.2397854
1756291800,0.2398616
1756292100,0.2401990
1756292400,0.2401157
1756292700,0.2402956
1756293000,0.2403202
1756293300,0.2406373
1756293600,0.2406106
1756293900,0.2407995
1756294200,0.2405362
1756294500,0.2403923
1756294800,0.2406721
1756295100,0.2405358
1756295400,0.2407607
1756295700,0.2408771
1756296000,0.2410599
1756296300,0.2408947
1756296600,0.2406615
1756296900,0.2403972
1756297200,0.2403861
1756297500,0.2399664
1756297800,0.2402213
1756298100,0.2401966
1756298400,0.2399083
1756298700,0.2398688
1756299000,0.2402764
1756299300,0.2403999
1756299600,0.2405749
1756299900,0.2406011
1756300200,0.2403750
1756300500,0.2401368
1756300800,0.2400979
1756301100,0.2400192
1756301400,0.2400554
1756301700,0.2397287
1756302000,0.2396753
1756302300,0.2403088
1756302600,0.2410080
1756302900,0.2406352
1756303200,0.2403953
1756303500,0.2404375
1756303800,0.2407415
1756304100,0.2408723
1756304400,0.2415518
1756304700,0.2416470
1756305000,0.2420861
1756305300,0.2428754
1756305600,0.2429316
1756305900,0.2426417
1756306200,0.2418756
1756306500,0.2417034
1756306800,0.2411079
1756307100,0.2412271
1756307400,0.2413174
1756307700,0.2413873
1756308000,0.2415820
1756308300,0.2415617
1756308600,0.2410270
1756308900,0.2407811
1756309200,0.2408865
1756309500,0.2409760
1756309800,0.2412222
1756310100,0.2409462
1756310400,0.2410849
1756310700,0.2410460
1756311000,0.2408694
1756311300,0.2407125
1756311600,0.2412906
1756311900,0.2415862
1756312200,0.2409751
1756312500,0.2408369
1756312800,0.2405433
1756313100,0.2406616
1756313400,0.2411995
1756313700,0.2416907
1756314000,0.2420880
1756314300,0.2413973
1756314600,0.2409835
1756314900,0.2410034
1756315200,0.2408046
1756315500,0.2410479
1756315800,0.2413696
1756316100,0.2412159
1756316400,0.2414601
1756316700,0.2417070
1756317000,0.2422020
1756317300,0.2421134
1756317600,0.2418541
1756317900,0.2423127
1756318200,0.2422293
1756318500,0.2425718
1756318800,0.2426326
1756319100,0.2428107
1756319400,0.2425405
1756319700,0.2418656
1756320000,0.2422161
1756320300,0.2419738
1756320600,0.2421374
1756320900,0.2421060
1756321200,0.2416351
1756321500,0.2417574
1756321800,0.2408183
1756322100,0.2408762
1756322400,0.2408816
1756322700,0.2410461
1756323000,0.2412037
1756323300,0.2415991
1756323600,0.2412973
1756323900,0.2411559
1756324200,0.2405112
1756324500,0.2404658
1756324800,0.2403682
1756325100,0.2400487
1756325400,0.2392551
1756325700,0.2396503
1756326000,0.2408198
1756326300,0.2405335
1756326600,0.2412352
1756326900,0.2411648
1756327200,0.2411117
1756327500,0.2412808
1756327800,0.2415018
1756328100,0.2410679
1756328400,0.2415148
1756328700,0.2416287
1756329000,0.2422637
1756329300,0.2418810
1756329600,0.2415993
1756329900,0.2411401
1756330200,0.2414549
1756330500,0.2412625
1756330800,0.2405947
1756331100,0.2408521
1756331400,0.2409112
1756331700,0.2399957
1756332000,0.2398420
1756332300,0.2395323
1756332600,0.2388346
1756332900,0.2390016
1756333200,0.2391839
1756333500,0.2393700
1756333800,0.2392204
1756334100,0.2394902
