hour_start_date,hbar_price_usd,hour_start_timestamp,cent_equivalent,hbar_equivalent
2025-07-17T07:00:00Z,0.24144433,1752735600,724333,30000
2025-07-17T08:00:00Z,0.24138933,1752739200,724168,30000
2025-07-17T09:00:00Z,0.23911466,1752742800,717344,30000
2025-07-17T10:00:00Z,0.24823200,1752746400,744696,30000
2025-07-17T11:00:00Z,0.24987700,1752750000,749631,30000
2025-07-17T12:00:00Z,0.24968366,1752753600,749051,30000
2025-07-17T13:00:00Z,0.24992233,1752757200,749767,30000
2025-07-17T14:00:00Z,0.24923366,1752760800,747701,30000
2025-07-17T15:00:00Z,0.24534033,1752764400,736021,30000
2025-07-17T16:00:00Z,0.24410266,1752768000,732308,30000
2025-07-17T17:00:00Z,0.24554733,1752771600,736642,30000
2025-07-17T18:00:00Z,0.24850966,1752775200,745529,30000
2025-07-17T19:00:00Z,0.24964800,1752778800,748944,30000
2025-07-17T20:00:00Z,0.25581433,1752782400,767443,30000
2025-07-17T21:00:00Z,0.24844333,1752786000,745330,30000
2025-07-17T22:00:00Z,0.25138533,1752789600,754156,30000
2025-07-17T23:00:00Z,0.27029966,1752793200,810899,30000
2025-07-18T00:00:00Z,0.28294900,1752796800,848847,30000
2025-07-18T01:00:00Z,0.27728266,1752800400,831848,30000
2025-07-18T02:00:00Z,0.29708966,1752804000,891269,30000
2025-07-18T03:00:00Z,0.28829700,1752807600,864891,30000
2025-07-18T04:00:00Z,0.28343833,1752811200,850315,30000
2025-07-18T05:00:00Z,0.28532266,1752814800,855968,30000
2025-07-18T06:00:00Z,0.28349033,1752818400,850471,30000
2025-07-18T07:00:00Z,0.28475466,1752822000,854264,30000
2025-07-18T08:00:00Z,0.28080300,1752825600,842409,30000
2025-07-18T09:00:00Z,0.27134766,1752829200,814043,30000
2025-07-18T10:00:00Z,0.26809866,1752832800,804296,30000
2025-07-18T11:00:00Z,0.27172200,1752836400,815166,30000
2025-07-18T12:00:00Z,0.27212233,1752840000,816367,30000
2025-07-18T13:00:00Z,0.27234133,1752843600,817024,30000
2025-07-18T14:00:00Z,0.27410500,1752847200,822315,30000
2025-07-18T15:00:00Z,0.27422733,1752850800,822682,30000
2025-07-18T16:00:00Z,0.26978866,1752854400,809366,30000
2025-07-18T17:00:00Z,0.26591100,1752858000,797733,30000
2025-07-18T18:00:00Z,0.26597133,1752861600,797914,30000
2025-07-18T19:00:00Z,0.26929766,1752865200,807893,30000
2025-07-18T20:00:00Z,0.26751066,1752868800,802532,30000
2025-07-18T21:00:00Z,0.26724300,1752872400,801729,30000
2025-07-18T22:00:00Z,0.26329266,1752876000,789878,30000
2025-07-18T23:00:00Z,0.26246900,1752879600,787407,30000
2025-07-19T00:00:00Z,0.25663900,1752883200,769917,30000
2025-07-19T01:00:00Z,0.25882066,1752886800,776462,30000
2025-07-19T02:00:00Z,0.25848533,1752890400,775456,30000
2025-07-19T03:00:00Z,0.26128433,1752894000,783853,30000
2025-07-19T04:00:00Z,0.26346566,1752897600,790397,30000
2025-07-19T05:00:00Z,0.26217600,1752901200,786528,30000
2025-07-19T06:00:00Z,0.26545900,1752904800,796377,30000
2025-07-19T07:00:00Z,0.26958000,1752908400,808740,30000
2025-07-19T08:00:00Z,0.26665733,1752912000,799972,30000
2025-07-19T09:00:00Z,0.26810700,1752915600,804321,30000
2025-07-19T10:00:00Z,0.26889566,1752919200,806687,30000
2025-07-19T11:00:00Z,0.27042100,1752922800,811263,30000
2025-07-19T12:00:00Z,0.26855800,1752926400,805674,30000
2025-07-19T13:00:00Z,0.26435833,1752930000,793075,30000
2025-07-19T14:00:00Z,0.26594866,1752933600,797846,30000
2025-07-19T15:00:00Z,0.26614700,1752937200,798441,30000
2025-07-19T16:00:00Z,0.26205366,1752940800,786161,30000
2025-07-19T17:00:00Z,0.26672333,1752944400,800170,30000
2025-07-19T18:00:00Z,0.26950366,1752948000,808511,30000
2025-07-19T19:00:00Z,0.26703133,1752951600,801094,30000
2025-07-19T20:00:00Z,0.26589700,1752955200,797691,30000
2025-07-19T21:00:00Z,0.26697233,1752958800,800917,30000
2025-07-19T22:00:00Z,0.26745800,1752962400,802374,30000
2025-07-19T23:00:00Z,0.26590966,1752966000,797729,30000
2025-07-20T00:00:00Z,0.26750533,1752969600,802516,30000
2025-07-20T01:00:00Z,0.26672633,1752973200,800179,30000
2025-07-20T02:00:00Z,0.26713500,1752976800,801405,30000
2025-07-20T03:00:00Z,0.26610500,1752980400,798315,30000
2025-07-20T04:00:00Z,0.26726000,1752984000,801780,30000
2025-07-20T05:00:00Z,0.26846200,1752987600,805386,30000
2025-07-20T06:00:00Z,0.26803333,1752991200,804100,30000
2025-07-20T07:00:00Z,0.26856233,1752994800,805687,30000
2025-07-20T08:00:00Z,0.26778366,1752998400,803351,30000
2025-07-20T09:00:00Z,0.26971233,1753002000,809137,30000
2025-07-20T10:00:00Z,0.27470233,1753005600,824107,30000
2025-07-20T11:00:00Z,0.27312000,1753009200,819360,30000
2025-07-20T12:00:00Z,0.27393333,1753012800,821800,30000
2025-07-20T13:00:00Z,0.27199200,1753016400,815976,30000
2025-07-20T14:00:00Z,0.27121466,1753020000,813644,30000
2025-07-20T15:00:00Z,0.27571800,1753023600,827154,30000
2025-07-20T16:00:00Z,0.27454500,1753027200,823635,30000
2025-07-20T17:00:00Z,0.27529100,1753030800,825873,30000
2025-07-20T18:00:00Z,0.27717600,1753034400,831528,30000
2025-07-20T19:00:00Z,0.27595000,1753038000,827850,30000
2025-07-20T20:00:00Z,0.28008333,1753041600,840250,30000
2025-07-20T21:00:00Z,0.27901066,1753045200,837032,30000
2025-07-20T22:00:00Z,0.27537833,1753048800,826135,30000
2025-07-20T23:00:00Z,0.27408833,1753052400,822265,30000
2025-07-21T00:00:00Z,0.26956800,1753056000,808704,30000
2025-07-21T01:00:00Z,0.27027100,1753059600,810813,30000
2025-07-21T02:00:00Z,0.27320333,1753063200,819610,30000
2025-07-21T03:00:00Z,0.27653533,1753066800,829606,30000
2025-07-21T04:00:00Z,0.27909600,1753070400,837288,30000
2025-07-21T05:00:00Z,0.27711700,1753074000,831351,30000
2025-07-21T06:00:00Z,0.27668566,1753077600,830057,30000
2025-07-21T07:00:00Z,0.27837033,1753081200,835111,30000
2025-07-21T08:00:00Z,0.28136800,1753084800,844104,30000
2025-07-21T09:00:00Z,0.28368066,1753088400,851042,30000
2025-07-21T10:00:00Z,0.28321533,1753092000,849646,30000
2025-07-21T11:00:00Z,0.28018700,1753095600,840561,30000
2025-07-21T12:00:00Z,0.28298700,1753099200,848961,30000
2025-07-21T13:00:00Z,0.28359733,1753102800,850792,30000
2025-07-21T14:00:00Z,0.28583066,1753106400,857492,30000
2025-07-21T15:00:00Z,0.28551233,1753110000,856537,30000
2025-07-21T16:00:00Z,0.28585633,1753113600,857569,30000
2025-07-21T17:00:00Z,0.27981500,1753117200,839445,30000
2025-07-21T18:00:00Z,0.27944600,1753120800,838338,30000
2025-07-21T19:00:00Z,0.28120033,1753124400,843601,30000
2025-07-21T20:00:00Z,0.27836000,1753128000,835080,30000
2025-07-21T21:00:00Z,0.26513566,1753131600,795407,30000
2025-07-21T22:00:00Z,0.26864200,1753135200,805926,30000
2025-07-21T23:00:00Z,0.27224333,1753138800,816730,30000
2025-07-22T00:00:00Z,0.27260900,1753142400,817827,30000
2025-07-22T01:00:00Z,0.27112433,1753146000,813373,30000
2025-07-22T02:00:00Z,0.26828633,1753149600,804859,30000
2025-07-22T03:00:00Z,0.27058600,1753153200,811758,30000
2025-07-22T04:00:00Z,0.26823666,1753156800,804710,30000
2025-07-22T05:00:00Z,0.26826566,1753160400,804797,30000
2025-07-22T06:00:00Z,0.26241433,1753164000,787243,30000
2025-07-22T07:00:00Z,0.26616266,1753167600,798488,30000
2025-07-22T08:00:00Z,0.26615666,1753171200,798470,30000
2025-07-22T09:00:00Z,0.26491366,1753174800,794741,30000
2025-07-22T10:00:00Z,0.26272566,1753178400,788177,30000
2025-07-22T11:00:00Z,0.26256833,1753182000,787705,30000
2025-07-22T12:00:00Z,0.26589333,1753185600,797680,30000
2025-07-22T13:00:00Z,0.26723066,1753189200,801692,30000
2025-07-22T14:00:00Z,0.26682500,1753192800,800475,30000
2025-07-22T15:00:00Z,0.26312000,1753196400,789360,30000
2025-07-22T16:00:00Z,0.26962666,1753200000,808880,30000
2025-07-22T17:00:00Z,0.27051233,1753203600,811537,30000
2025-07-22T18:00:00Z,0.27441100,1753207200,823233,30000
2025-07-22T19:00:00Z,0.27282933,1753210800,818488,30000
2025-07-22T20:00:00Z,0.27287233,1753214400,818617,30000
2025-07-22T21:00:00Z,0.26784766,1753218000,803543,30000
2025-07-22T22:00:00Z,0.27200566,1753221600,816017,30000
2025-07-22T23:00:00Z,0.27159300,1753225200,814779,30000
2025-07-23T00:00:00Z,0.27124000,1753228800,813720,30000
2025-07-23T01:00:00Z,0.27485133,1753232400,824554,30000
2025-07-23T02:00:00Z,0.27337200,1753236000,820116,30000
2025-07-23T03:00:00Z,0.27123300,1753239600,813699,30000
2025-07-23T04:00:00Z,0.27119500,1753243200,813585,30000
2025-07-23T05:00:00Z,0.26918000,1753246800,807540,30000
2025-07-23T06:00:00Z,0.27070833,1753250400,812125,30000
2025-07-23T07:00:00Z,0.27126966,1753254000,813809,30000
2025-07-23T08:00:00Z,0.26966766,1753257600,809003,30000
2025-07-23T09:00:00Z,0.26862500,1753261200,805875,30000
2025-07-23T10:00:00Z,0.26909966,1753264800,807299,30000
2025-07-23T11:00:00Z,0.26567166,1753268400,797015,30000
2025-07-23T12:00:00Z,0.26430000,1753272000,792900,30000
2025-07-23T13:00:00Z,0.26284366,1753275600,788531,30000
2025-07-23T14:00:00Z,0.25617166,1753279200,768515,30000
2025-07-23T15:00:00Z,0.24923366,1753282800,747701,30000
2025-07-23T16:00:00Z,0.25259966,1753286400,757799,30000
2025-07-23T17:00:00Z,0.25357800,1753290000,760734,30000
2025-07-23T18:00:00Z,0.25357800,1753293600,760734,30000
2025-07-23T19:00:00Z,0.24870100,1753297200,746103,30000
2025-07-23T20:00:00Z,0.25012400,1753300800,750372,30000
2025-07-23T21:00:00Z,0.24823533,1753304400,744706,30000
2025-07-23T22:00:00Z,0.24529566,1753308000,735887,30000
2025-07-23T23:00:00Z,0.24394266,1753311600,731828,30000
2025-07-24T00:00:00Z,0.24667533,1753315200,740026,30000
2025-07-24T01:00:00Z,0.24459900,1753318800,733797,30000
2025-07-24T02:00:00Z,0.24777966,1753322400,743339,30000
2025-07-24T03:00:00Z,0.24857866,1753326000,745736,30000
2025-07-24T04:00:00Z,0.24689066,1753329600,740672,30000
2025-07-24T05:00:00Z,0.24686100,1753333200,740583,30000
2025-07-24T06:00:00Z,0.24223466,1753336800,726704,30000
2025-07-24T07:00:00Z,0.23633333,1753340400,709000,30000
2025-07-24T08:00:00Z,0.23423566,1753344000,702707,30000
2025-07-24T09:00:00Z,0.23853600,1753347600,715608,30000
2025-07-24T10:00:00Z,0.24263400,1753351200,727902,30000
2025-07-24T11:00:00Z,0.24099333,1753354800,722980,30000
2025-07-24T12:00:00Z,0.23998300,1753358400,719949,30000
2025-07-24T13:00:00Z,0.24355933,1753362000,730678,30000
2025-07-24T14:00:00Z,0.24142833,1753365600,724285,30000
2025-07-24T15:00:00Z,0.23982100,1753369200,719463,30000
2025-07-24T16:00:00Z,0.24698733,1753372800,740962,30000
2025-07-24T17:00:00Z,0.24491966,1753376400,734759,30000
2025-07-24T18:00:00Z,0.24155233,1753380000,724657,30000
2025-07-24T19:00:00Z,0.24524233,1753383600,735727,30000
2025-07-24T20:00:00Z,0.24621933,1753387200,738658,30000
2025-07-24T21:00:00Z,0.24331800,1753390800,729954,30000
2025-07-24T22:00:00Z,0.24468066,1753394400,734042,30000
2025-07-24T23:00:00Z,0.24165633,1753398000,724969,30000
2025-07-25T00:00:00Z,0.24060733,1753401600,721822,30000
2025-07-25T01:00:00Z,0.23848866,1753405200,715466,30000
2025-07-25T02:00:00Z,0.23683266,1753408800,710498,30000
2025-07-25T03:00:00Z,0.24057533,1753412400,721726,30000
2025-07-25T04:00:00Z,0.23659500,1753416000,709785,30000
2025-07-25T05:00:00Z,0.23655100,1753419600,709653,30000
2025-07-25T06:00:00Z,0.23904833,1753423200,717145,30000
2025-07-25T07:00:00Z,0.23589500,1753426800,707685,30000
2025-07-25T08:00:00Z,0.23701000,1753430400,711030,30000
2025-07-25T09:00:00Z,0.23750400,1753434000,712512,30000
2025-07-25T10:00:00Z,0.23808733,1753437600,714262,30000
2025-07-25T11:00:00Z,0.24252833,1753441200,727585,30000
2025-07-25T12:00:00Z,0.24458133,1753444800,733744,30000
2025-07-25T13:00:00Z,0.24617766,1753448400,738533,30000
2025-07-25T14:00:00Z,0.24940833,1753452000,748225,30000
2025-07-25T15:00:00Z,0.24530566,1753455600,735917,30000
2025-07-25T16:00:00Z,0.24835200,1753459200,745056,30000
2025-07-25T17:00:00Z,0.24517100,1753462800,735513,30000
2025-07-25T18:00:00Z,0.24861833,1753466400,745855,30000
2025-07-25T19:00:00Z,0.25304233,1753470000,759127,30000
2025-07-25T20:00:00Z,0.25070933,1753473600,752128,30000
2025-07-25T21:00:00Z,0.25451700,1753477200,763551,30000
2025-07-25T22:00:00Z,0.25963500,1753480800,778905,30000
2025-07-25T23:00:00Z,0.26074266,1753484400,782228,30000
2025-07-26T00:00:00Z,0.26351433,1753488000,790543,30000
2025-07-26T01:00:00Z,0.25832933,1753491600,774988,30000
2025-07-26T02:00:00Z,0.25894100,1753495200,776823,30000
2025-07-26T03:00:00Z,0.26139400,1753498800,784182,30000
2025-07-26T04:00:00Z,0.26755133,1753502400,802654,30000
2025-07-26T05:00:00Z,0.26745833,1753506000,802375,30000
2025-07-26T06:00:00Z,0.26731100,1753509600,801933,30000
2025-07-26T07:00:00Z,0.26791166,1753513200,803735,30000
2025-07-26T08:00:00Z,0.26493300,1753516800,794799,30000
2025-07-26T09:00:00Z,0.26350233,1753520400,790507,30000
2025-07-26T10:00:00Z,0.26430366,1753524000,792911,30000
2025-07-26T11:00:00Z,0.26613366,1753527600,798401,30000
2025-07-26T12:00:00Z,0.26961000,1753531200,808830,30000
2025-07-26T13:00:00Z,0.26929366,1753534800,807881,30000
2025-07-26T14:00:00Z,0.27300200,1753538400,819006,30000
2025-07-26T15:00:00Z,0.28035566,1753542000,841067,30000
2025-07-26T16:00:00Z,0.28168633,1753545600,845059,30000
2025-07-26T17:00:00Z,0.28211200,1753549200,846336,30000
2025-07-26T18:00:00Z,0.28478000,1753552800,854340,30000
2025-07-26T19:00:00Z,0.27929700,1753556400,837891,30000
2025-07-26T20:00:00Z,0.28092633,1753560000,842779,30000
2025-07-26T21:00:00Z,0.28745366,1753563600,862361,30000
2025-07-26T22:00:00Z,0.28481133,1753567200,854434,30000
2025-07-26T23:00:00Z,0.28587200,1753570800,857616,30000
2025-07-27T00:00:00Z,0.28166966,1753574400,845009,30000
2025-07-27T01:00:00Z,0.27921766,1753578000,837653,30000
2025-07-27T02:00:00Z,0.27823133,1753581600,834694,30000
2025-07-27T03:00:00Z,0.28104633,1753585200,843139,30000
2025-07-27T04:00:00Z,0.28947166,1753588800,868415,30000
2025-07-27T05:00:00Z,0.29252000,1753592400,877560,30000
2025-07-27T06:00:00Z,0.29907933,1753596000,897238,30000
2025-07-27T07:00:00Z,0.30201333,1753599600,906040,30000
2025-07-27T08:00:00Z,0.29600500,1753603200,888015,30000
2025-07-27T09:00:00Z,0.29052300,1753606800,871569,30000
2025-07-27T10:00:00Z,0.28682733,1753610400,860482,30000
2025-07-27T11:00:00Z,0.28213800,1753614000,846414,30000
2025-07-27T12:00:00Z,0.28761766,1753617600,862853,30000
2025-07-27T13:00:00Z,0.28364866,1753621200,850946,30000
2025-07-27T14:00:00Z,0.28436600,1753624800,853098,30000
2025-07-27T15:00:00Z,0.28335866,1753628400,850076,30000
2025-07-27T16:00:00Z,0.28457700,1753632000,853731,30000
2025-07-27T17:00:00Z,0.28695300,1753635600,860859,30000
2025-07-27T18:00:00Z,0.28542833,1753639200,856285,30000
2025-07-27T19:00:00Z,0.28777333,1753642800,863320,30000
2025-07-27T20:00:00Z,0.28857466,1753646400,865724,30000
2025-07-27T21:00:00Z,0.28985733,1753650000,869572,30000
2025-07-27T22:00:00Z,0.29279000,1753653600,878370,30000
2025-07-27T23:00:00Z,0.29334466,1753657200,880034,30000
2025-07-28T00:00:00Z,0.29271800,1753660800,878154,30000
2025-07-28T01:00:00Z,0.29160333,1753664400,874810,30000
2025-07-28T02:00:00Z,0.28831133,1753668000,864934,30000
2025-07-28T03:00:00Z,0.28589733,1753671600,857692,30000
2025-07-28T04:00:00Z,0.28796000,1753675200,863880,30000
2025-07-28T05:00:00Z,0.28664066,1753678800,859922,30000
2025-07-28T06:00:00Z,0.28626533,1753682400,858796,30000
2025-07-28T07:00:00Z,0.28878133,1753686000,866344,30000
2025-07-28T08:00:00Z,0.28810000,1753689600,864300,30000
2025-07-28T09:00:00Z,0.28551466,1753693200,856544,30000
2025-07-28T10:00:00Z,0.28612266,1753696800,858368,30000
2025-07-28T11:00:00Z,0.28638700,1753700400,859161,30000
2025-07-28T12:00:00Z,0.28346633,1753704000,850399,30000
2025-07-28T13:00:00Z,0.28357700,1753707600,850731,30000
2025-07-28T14:00:00Z,0.28161000,1753711200,844830,30000
2025-07-28T15:00:00Z,0.27794333,1753714800,833830,30000
2025-07-28T16:00:00Z,0.27307200,1753718400,819216,30000
2025-07-28T17:00:00Z,0.27227433,1753722000,816823,30000
2025-07-28T18:00:00Z,0.27423700,1753725600,822711,30000
2025-07-28T19:00:00Z,0.27270266,1753729200,818108,30000
2025-07-28T20:00:00Z,0.27043600,1753732800,811308,30000
2025-07-28T21:00:00Z,0.26985166,1753736400,809555,30000
2025-07-28T22:00:00Z,0.26925233,1753740000,807757,30000
2025-07-28T23:00:00Z,0.27398766,1753743600,821963,30000
2025-07-29T00:00:00Z,0.27157400,1753747200,814722,30000
2025-07-29T01:00:00Z,0.27129100,1753750800,813873,30000
2025-07-29T02:00:00Z,0.27056933,1753754400,811708,30000
2025-07-29T03:00:00Z,0.26760300,1753758000,802809,30000
2025-07-29T04:00:00Z,0.26584666,1753761600,797540,30000
2025-07-29T05:00:00Z,0.26953633,1753765200,808609,30000
2025-07-29T06:00:00Z,0.26750666,1753768800,802520,30000
2025-07-29T07:00:00Z,0.27062466,1753772400,811874,30000
2025-07-29T08:00:00Z,0.27208900,1753776000,816267,30000
2025-07-29T09:00:00Z,0.27563100,1753779600,826893,30000
2025-07-29T10:00:00Z,0.27600000,1753783200,828000,30000
2025-07-29T11:00:00Z,0.27495433,1753786800,824863,30000
2025-07-29T12:00:00Z,0.27192833,1753790400,815785,30000
2025-07-29T13:00:00Z,0.27343500,1753794000,820305,30000
2025-07-29T14:00:00Z,0.27399333,1753797600,821980,30000
2025-07-29T15:00:00Z,0.26785233,1753801200,803557,30000
2025-07-29T16:00:00Z,0.26460000,1753804800,793800,30000
2025-07-29T17:00:00Z,0.26154733,1753808400,784642,30000
2025-07-29T18:00:00Z,0.26271666,1753812000,788150,30000
2025-07-29T19:00:00Z,0.26393300,1753815600,791799,30000
2025-07-29T20:00:00Z,0.26200066,1753819200,786002,30000
2025-07-29T21:00:00Z,0.25973833,1753822800,779215,30000
2025-07-29T22:00:00Z,0.25874733,1753826400,776242,30000
2025-07-29T23:00:00Z,0.26229366,1753830000,786881,30000
2025-07-30T00:00:00Z,0.26335400,1753833600,790062,30000
2025-07-30T01:00:00Z,0.26395100,1753837200,791853,30000
2025-07-30T02:00:00Z,0.26204033,1753840800,786121,30000
2025-07-30T03:00:00Z,0.26348633,1753844400,790459,30000
2025-07-30T04:00:00Z,0.26025400,1753848000,780762,30000
2025-07-30T05:00:00Z,0.26059433,1753851600,781783,30000
2025-07-30T06:00:00Z,0.25914300,1753855200,777429,30000
2025-07-30T07:00:00Z,0.26049033,1753858800,781471,30000
2025-07-30T08:00:00Z,0.26175333,1753862400,785260,30000
2025-07-30T09:00:00Z,0.25848466,1753866000,775454,30000
2025-07-30T10:00:00Z,0.25965066,1753869600,778952,30000
2025-07-30T11:00:00Z,0.25810000,1753873200,774300,30000
2025-07-30T12:00:00Z,0.25738133,1753876800,772144,30000
2025-07-30T13:00:00Z,0.25539133,1753880400,766174,30000
2025-07-30T14:00:00Z,0.25472833,1753884000,764185,30000
2025-07-30T15:00:00Z,0.25458133,1753887600,763744,30000
2025-07-30T16:00:00Z,0.26008633,1753891200,780259,30000
2025-07-30T17:00:00Z,0.25675433,1753894800,770263,30000
2025-07-30T18:00:00Z,0.25751633,1753898400,772549,30000
2025-07-30T19:00:00Z,0.26066666,1753902000,782000,30000
2025-07-30T20:00:00Z,0.25089633,1753905600,752689,30000
2025-07-30T21:00:00Z,0.25563833,1753909200,766915,30000
2025-07-30T22:00:00Z,0.25513466,1753912800,765404,30000
2025-07-30T23:00:00Z,0.25435066,1753916400,763052,30000
2025-07-31T00:00:00Z,0.25369100,1753920000,761073,30000
2025-07-31T01:00:00Z,0.25569933,1753923600,767098,30000
2025-07-31T02:00:00Z,0.26010633,1753927200,780319,30000
2025-07-31T03:00:00Z,0.26162133,1753930800,784864,30000
2025-07-31T04:00:00Z,0.26527200,1753934400,795816,30000
2025-07-31T05:00:00Z,0.27189233,1753938000,815677,30000
2025-07-31T06:00:00Z,0.27127633,1753941600,813829,30000
2025-07-31T07:00:00Z,0.27320266,1753945200,819608,30000
2025-07-31T08:00:00Z,0.27358000,1753948800,820740,30000
2025-07-31T09:00:00Z,0.27383533,1753952400,821506,30000
2025-07-31T10:00:00Z,0.27502533,1753956000,825076,30000
2025-07-31T11:00:00Z,0.27541533,1753959600,826246,30000
2025-07-31T12:00:00Z,0.27700066,1753963200,831002,30000
2025-07-31T13:00:00Z,0.27264600,1753966800,817938,30000
2025-07-31T14:00:00Z,0.27099833,1753970400,812995,30000
2025-07-31T15:00:00Z,0.26817733,1753974000,804532,30000
2025-07-31T16:00:00Z,0.26064066,1753977600,781922,30000
2025-07-31T17:00:00Z,0.26261066,1753981200,787832,30000
2025-07-31T18:00:00Z,0.26451833,1753984800,793555,30000
2025-07-31T19:00:00Z,0.25986400,1753988400,779592,30000
2025-07-31T20:00:00Z,0.25864733,1753992000,775942,30000
2025-07-31T21:00:00Z,0.25595800,1753995600,767874,30000
2025-07-31T22:00:00Z,0.25885266,1753999200,776558,30000
2025-07-31T23:00:00Z,0.25679833,1754002800,770395,30000
2025-08-01T00:00:00Z,0.25247466,1754006400,757424,30000
2025-08-01T01:00:00Z,0.25089600,1754010000,752688,30000
2025-08-01T02:00:00Z,0.25108300,1754013600,753249,30000
2025-08-01T03:00:00Z,0.24962966,1754017200,748889,30000
2025-08-01T04:00:00Z,0.25478100,1754020800,764343,30000
2025-08-01T05:00:00Z,0.25184666,1754024400,755540,30000
2025-08-01T06:00:00Z,0.24990000,1754028000,749700,30000
2025-08-01T07:00:00Z,0.24757133,1754031600,742714,30000
2025-08-01T08:00:00Z,0.24796266,1754035200,743888,30000
2025-08-01T09:00:00Z,0.24674333,1754038800,740230,30000
2025-08-01T10:00:00Z,0.24384333,1754042400,731530,30000
2025-08-01T11:00:00Z,0.24221266,1754046000,726638,30000
2025-08-01T12:00:00Z,0.24281900,1754049600,728457,30000
2025-08-01T13:00:00Z,0.24552166,1754053200,736565,30000
2025-08-01T14:00:00Z,0.24771166,1754056800,743135,30000
2025-08-01T15:00:00Z,0.24102633,1754060400,723079,30000
2025-08-01T16:00:00Z,0.25360333,1754064000,760810,30000
2025-08-01T17:00:00Z,0.25221200,1754067600,756636,30000
2025-08-01T18:00:00Z,0.24863300,1754071200,745899,30000
2025-08-01T19:00:00Z,0.24653300,1754074800,739599,30000
2025-08-01T20:00:00Z,0.24798100,1754078400,743943,30000
2025-08-01T21:00:00Z,0.24910333,1754082000,747310,30000
2025-08-01T22:00:00Z,0.24710433,1754085600,741313,30000
2025-08-01T23:00:00Z,0.24376500,1754089200,731295,30000
2025-08-02T00:00:00Z,0.23893600,1754092800,716808,30000
2025-08-02T01:00:00Z,0.24088366,1754096400,722651,30000
2025-08-02T02:00:00Z,0.24143633,1754100000,724309,30000
2025-08-02T03:00:00Z,0.24174033,1754103600,725221,30000
2025-08-02T04:00:00Z,0.24113533,1754107200,723406,30000
2025-08-02T05:00:00Z,0.24011266,1754110800,720338,30000
2025-08-02T06:00:00Z,0.24394100,1754114400,731823,30000
2025-08-02T07:00:00Z,0.24254766,1754118000,727643,30000
2025-08-02T08:00:00Z,0.23826233,1754121600,714787,30000
2025-08-02T09:00:00Z,0.24127666,1754125200,723830,30000
2025-08-02T10:00:00Z,0.23758633,1754128800,712759,30000
2025-08-02T11:00:00Z,0.23704800,1754132400,711144,30000
2025-08-02T12:00:00Z,0.23713066,1754136000,711392,30000
2025-08-02T13:00:00Z,0.23731066,1754139600,711932,30000
2025-08-02T14:00:00Z,0.23671333,1754143200,710140,30000
2025-08-02T15:00:00Z,0.23626133,1754146800,708784,30000
2025-08-02T16:00:00Z,0.23321200,1754150400,699636,30000
2025-08-02T17:00:00Z,0.22961833,1754154000,688855,30000
2025-08-02T18:00:00Z,0.23166866,1754157600,695006,30000
2025-08-02T19:00:00Z,0.22937233,1754161200,688117,30000
2025-08-02T20:00:00Z,0.22657800,1754164800,679734,30000
2025-08-02T21:00:00Z,0.22851166,1754168400,685535,30000
2025-08-02T22:00:00Z,0.23081766,1754172000,692453,30000
2025-08-02T23:00:00Z,0.23115466,1754175600,693464,30000
2025-08-03T00:00:00Z,0.23165500,1754179200,694965,30000
2025-08-03T01:00:00Z,0.22989333,1754182800,689680,30000
2025-08-03T02:00:00Z,0.23149666,1754186400,694490,30000
2025-08-03T03:00:00Z,0.23133366,1754190000,694001,30000
2025-08-03T04:00:00Z,0.23386200,1754193600,701586,30000
2025-08-03T05:00:00Z,0.23368766,1754197200,701063,30000
2025-08-03T06:00:00Z,0.23425466,1754200800,702764,30000
2025-08-03T07:00:00Z,0.23511366,1754204400,705341,30000
2025-08-03T08:00:00Z,0.23701066,1754208000,711032,30000
2025-08-03T09:00:00Z,0.23870966,1754211600,716129,30000
2025-08-03T10:00:00Z,0.24083733,1754215200,722512,30000
2025-08-03T11:00:00Z,0.23941866,1754218800,718256,30000
2025-08-03T12:00:00Z,0.24148666,1754222400,724460,30000
2025-08-03T13:00:00Z,0.24611200,1754226000,738336,30000
2025-08-03T14:00:00Z,0.24474166,1754229600,734225,30000
2025-08-03T15:00:00Z,0.24261333,1754233200,727840,30000
2025-08-03T16:00:00Z,0.24587933,1754236800,737638,30000
2025-08-03T17:00:00Z,0.24751333,1754240400,742540,30000
2025-08-03T18:00:00Z,0.24921866,1754244000,747656,30000
2025-08-03T19:00:00Z,0.24878800,1754247600,746364,30000
2025-08-03T20:00:00Z,0.24720933,1754251200,741628,30000
2025-08-03T21:00:00Z,0.24785300,1754254800,743559,30000
2025-08-03T22:00:00Z,0.24705133,1754258400,741154,30000
2025-08-03T23:00:00Z,0.24853000,1754262000,745590,30000
2025-08-04T00:00:00Z,0.24809766,1754265600,744293,30000
2025-08-04T01:00:00Z,0.24878166,1754269200,746345,30000
2025-08-04T02:00:00Z,0.25242833,1754272800,757285,30000
2025-08-04T03:00:00Z,0.24897800,1754276400,746934,30000
2025-08-04T04:00:00Z,0.25216366,1754280000,756491,30000
2025-08-04T05:00:00Z,0.25104566,1754283600,753137,30000
2025-08-04T06:00:00Z,0.24925000,1754287200,747750,30000
2025-08-04T07:00:00Z,0.24983800,1754290800,749514,30000
2025-08-04T08:00:00Z,0.24895266,1754294400,746858,30000
2025-08-04T09:00:00Z,0.24892333,1754298000,746770,30000
2025-08-04T10:00:00Z,0.24947400,1754301600,748422,30000
2025-08-04T11:00:00Z,0.24772100,1754305200,743163,30000
2025-08-04T12:00:00Z,0.24719033,1754308800,741571,30000
2025-08-04T13:00:00Z,0.24622333,1754312400,738670,30000
2025-08-04T14:00:00Z,0.24692466,1754316000,740774,30000
2025-08-04T15:00:00Z,0.25224666,1754319600,756740,30000
2025-08-04T16:00:00Z,0.24993600,1754323200,749808,30000
2025-08-04T17:00:00Z,0.25033200,1754326800,750996,30000
2025-08-04T18:00:00Z,0.25201166,1754330400,756035,30000
2025-08-04T19:00:00Z,0.25314966,1754334000,759449,30000
2025-08-04T20:00:00Z,0.25059666,1754337600,751790,30000
2025-08-04T21:00:00Z,0.24895066,1754341200,746852,30000
2025-08-04T22:00:00Z,0.25145333,1754344800,754360,30000
2025-08-04T23:00:00Z,0.25237666,1754348400,757130,30000
2025-08-05T00:00:00Z,0.25273600,1754352000,758208,30000
2025-08-05T01:00:00Z,0.25090766,1754355600,752723,30000
2025-08-05T02:00:00Z,0.24991666,1754359200,749750,30000
2025-08-05T03:00:00Z,0.24816566,1754362800,744497,30000
2025-08-05T04:00:00Z,0.24833766,1754366400,745013,30000
2025-08-05T05:00:00Z,0.24487800,1754370000,734634,30000
2025-08-05T06:00:00Z,0.24411766,1754373600,732353,30000
2025-08-05T07:00:00Z,0.24504766,1754377200,735143,30000
2025-08-05T08:00:00Z,0.24399933,1754380800,731998,30000
2025-08-05T09:00:00Z,0.24226433,1754384400,726793,30000
2025-08-05T10:00:00Z,0.24402600,1754388000,732078,30000
2025-08-05T11:00:00Z,0.24643300,1754391600,739299,30000
2025-08-05T12:00:00Z,0.24971000,1754395200,749130,30000
2025-08-05T13:00:00Z,0.24911566,1754398800,747347,30000
2025-08-05T14:00:00Z,0.24686700,1754402400,740601,30000
2025-08-05T15:00:00Z,0.24740866,1754406000,742226,30000
2025-08-05T16:00:00Z,0.24126833,1754409600,723805,30000
2025-08-05T17:00:00Z,0.23852633,1754413200,715579,30000
2025-08-05T18:00:00Z,0.23926800,1754416800,717804,30000
2025-08-05T19:00:00Z,0.24135300,1754420400,724059,30000
2025-08-05T20:00:00Z,0.24101700,1754424000,723051,30000
2025-08-05T21:00:00Z,0.23905300,1754427600,717159,30000
2025-08-05T22:00:00Z,0.23761966,1754431200,712859,30000
2025-08-05T23:00:00Z,0.23645033,1754434800,709351,30000
2025-08-06T00:00:00Z,0.23819600,1754438400,714588,30000
2025-08-06T01:00:00Z,0.23909500,1754442000,717285,30000
2025-08-06T02:00:00Z,0.23518800,1754445600,705564,30000
2025-08-06T03:00:00Z,0.23541033,1754449200,706231,30000
2025-08-06T04:00:00Z,0.23517900,1754452800,705537,30000
2025-08-06T05:00:00Z,0.23392666,1754456400,701780,30000
2025-08-06T06:00:00Z,0.23361666,1754460000,700850,30000
2025-08-06T07:00:00Z,0.23916333,1754463600,717490,30000
2025-08-06T08:00:00Z,0.24164300,1754467200,724929,30000
2025-08-06T09:00:00Z,0.24340733,1754470800,730222,30000
2025-08-06T10:00:00Z,0.24292000,1754474400,728760,30000
2025-08-06T11:00:00Z,0.24635766,1754478000,739073,30000
2025-08-06T12:00:00Z,0.24228933,1754481600,726868,30000
2025-08-06T13:00:00Z,0.24108366,1754485200,723251,30000
2025-08-06T14:00:00Z,0.23821133,1754488800,714634,30000
2025-08-06T15:00:00Z,0.24025300,1754492400,720759,30000
2025-08-06T16:00:00Z,0.24387000,1754496000,731610,30000
2025-08-06T17:00:00Z,0.24621000,1754499600,738630,30000
2025-08-06T18:00:00Z,0.24552066,1754503200,736562,30000
2025-08-06T19:00:00Z,0.24845100,1754506800,745353,30000
2025-08-06T20:00:00Z,0.24609933,1754510400,738298,30000
2025-08-06T21:00:00Z,0.24500000,1754514000,735000,30000
2025-08-06T22:00:00Z,0.24439133,1754517600,733174,30000
2025-08-06T23:00:00Z,0.24509033,1754521200,735271,30000
2025-08-07T00:00:00Z,0.24604666,1754524800,738140,30000
2025-08-07T01:00:00Z,0.24448433,1754528400,733453,30000
2025-08-07T02:00:00Z,0.24445266,1754532000,733358,30000
2025-08-07T03:00:00Z,0.24430933,1754535600,732928,30000
2025-08-07T04:00:00Z,0.24320133,1754539200,729604,30000
2025-08-07T05:00:00Z,0.24182366,1754542800,725471,30000
2025-08-07T06:00:00Z,0.24222966,1754546400,726689,30000
2025-08-07T07:00:00Z,0.24558266,1754550000,736748,30000
2025-08-07T08:00:00Z,0.24466566,1754553600,733997,30000
2025-08-07T09:00:00Z,0.24467366,1754557200,734021,30000
2025-08-07T10:00:00Z,0.24566633,1754560800,736999,30000
2025-08-07T11:00:00Z,0.24734433,1754564400,742033,30000
2025-08-07T12:00:00Z,0.25215733,1754568000,756472,30000
2025-08-07T13:00:00Z,0.25423333,1754571600,762700,30000
2025-08-07T14:00:00Z,0.25306766,1754575200,759203,30000
2025-08-07T15:00:00Z,0.25300966,1754578800,759029,30000
2025-08-07T16:00:00Z,0.25098966,1754582400,752969,30000
2025-08-07T17:00:00Z,0.25294233,1754586000,758827,30000
2025-08-07T18:00:00Z,0.24978900,1754589600,749367,30000
2025-08-07T19:00:00Z,0.25050466,1754593200,751514,30000
2025-08-07T20:00:00Z,0.24976233,1754596800,749287,30000
2025-08-07T21:00:00Z,0.25474366,1754600400,764231,30000
2025-08-07T22:00:00Z,0.25423033,1754604000,762691,30000
2025-08-07T23:00:00Z,0.25666666,1754607600,770000,30000
2025-08-08T00:00:00Z,0.25931566,1754611200,777947,30000
2025-08-08T01:00:00Z,0.25938833,1754614800,778165,30000
2025-08-08T02:00:00Z,0.26201666,1754618400,786050,30000
2025-08-08T03:00:00Z,0.26248966,1754622000,787469,30000
2025-08-08T04:00:00Z,0.26237966,1754625600,787139,30000
2025-08-08T05:00:00Z,0.26509366,1754629200,795281,30000
2025-08-08T06:00:00Z,0.26250833,1754632800,787525,30000
2025-08-08T07:00:00Z,0.26090933,1754636400,782728,30000
2025-08-08T08:00:00Z,0.26495033,1754640000,794851,30000
2025-08-08T09:00:00Z,0.26383400,1754643600,791502,30000
2025-08-08T10:00:00Z,0.26475366,1754647200,794261,30000
2025-08-08T11:00:00Z,0.26375233,1754650800,791257,30000
2025-08-08T12:00:00Z,0.26297800,1754654400,788934,30000
2025-08-08T13:00:00Z,0.26308200,1754658000,789246,30000
2025-08-08T14:00:00Z,0.26042833,1754661600,781285,30000
2025-08-08T15:00:00Z,0.26608866,1754665200,798266,30000
2025-08-08T16:00:00Z,0.26099000,1754668800,782970,30000
2025-08-08T17:00:00Z,0.25700733,1754672400,771022,30000
2025-08-08T18:00:00Z,0.25748033,1754676000,772441,30000
2025-08-08T19:00:00Z,0.26325300,1754679600,789759,30000
2025-08-08T20:00:00Z,0.26274000,1754683200,788220,30000
2025-08-08T21:00:00Z,0.26336000,1754686800,790080,30000
2025-08-08T22:00:00Z,0.26344466,1754690400,790334,30000
2025-08-08T23:00:00Z,0.26241800,1754694000,787254,30000
2025-08-09T00:00:00Z,0.26260400,1754697600,787812,30000
2025-08-09T01:00:00Z,0.26166000,1754701200,784980,30000
2025-08-09T02:00:00Z,0.26189733,1754704800,785692,30000
2025-08-09T03:00:00Z,0.26350766,1754708400,790523,30000
2025-08-09T04:00:00Z,0.26339966,1754712000,790199,30000
2025-08-09T05:00:00Z,0.26112000,1754715600,783360,30000
2025-08-09T06:00:00Z,0.26334833,1754719200,790045,30000
2025-08-09T07:00:00Z,0.26753000,1754722800,802590,30000
2025-08-09T08:00:00Z,0.26568900,1754726400,797067,30000
2025-08-09T09:00:00Z,0.26665366,1754730000,799961,30000
2025-08-09T10:00:00Z,0.26729266,1754733600,801878,30000
2025-08-09T11:00:00Z,0.26751600,1754737200,802548,30000
2025-08-09T12:00:00Z,0.26763633,1754740800,802909,30000
2025-08-09T13:00:00Z,0.26501900,1754744400,795057,30000
2025-08-09T14:00:00Z,0.26895200,1754748000,806856,30000
2025-08-09T15:00:00Z,0.26204533,1754751600,786136,30000
2025-08-09T16:00:00Z,0.26429000,1754755200,792870,30000
2025-08-09T17:00:00Z,0.26343700,1754758800,790311,30000
2025-08-09T18:00:00Z,0.26279333,1754762400,788380,30000
2025-08-09T19:00:00Z,0.26445833,1754766000,793375,30000
2025-08-09T20:00:00Z,0.26609966,1754769600,798299,30000
2025-08-09T21:00:00Z,0.26579000,1754773200,797370,30000
2025-08-09T22:00:00Z,0.26613766,1754776800,798413,30000
2025-08-09T23:00:00Z,0.26369066,1754780400,791072,30000
2025-08-10T00:00:00Z,0.26629566,1754784000,798887,30000
2025-08-10T01:00:00Z,0.26642266,1754787600,799268,30000
2025-08-10T02:00:00Z,0.26831233,1754791200,804937,30000
2025-08-10T03:00:00Z,0.26714233,1754794800,801427,30000
2025-08-10T04:00:00Z,0.26486533,1754798400,794596,30000
2025-08-10T05:00:00Z,0.26758400,1754802000,802752,30000
2025-08-10T06:00:00Z,0.27053300,1754805600,811599,30000
2025-08-10T07:00:00Z,0.26431300,1754809200,792939,30000
2025-08-10T08:00:00Z,0.26219333,1754812800,786580,30000
2025-08-10T09:00:00Z,0.25683900,1754816400,770517,30000
2025-08-10T10:00:00Z,0.25920933,1754820000,777628,30000
2025-08-10T11:00:00Z,0.25786700,1754823600,773601,30000
2025-08-10T12:00:00Z,0.25603066,1754827200,768092,30000
2025-08-10T13:00:00Z,0.25586233,1754830800,767587,30000
2025-08-10T14:00:00Z,0.25781266,1754834400,773438,30000
2025-08-10T15:00:00Z,0.25621933,1754838000,768658,30000
2025-08-10T16:00:00Z,0.25966633,1754841600,778999,30000
2025-08-10T17:00:00Z,0.25914900,1754845200,777447,30000
2025-08-10T18:00:00Z,0.25933833,1754848800,778015,30000
2025-08-10T19:00:00Z,0.25906766,1754852400,777203,30000
2025-08-10T20:00:00Z,0.26046633,1754856000,781399,30000
2025-08-10T21:00:00Z,0.25989000,1754859600,779670,30000
2025-08-10T22:00:00Z,0.25807066,1754863200,774212,30000
2025-08-10T23:00:00Z,0.25746566,1754866800,772397,30000
2025-08-11T00:00:00Z,0.25806633,1754870400,774199,30000
2025-08-11T01:00:00Z,0.25913366,1754874000,777401,30000
2025-08-11T02:00:00Z,0.25860633,1754877600,775819,30000
2025-08-11T03:00:00Z,0.26363200,1754881200,790896,30000
2025-08-11T04:00:00Z,0.26883533,1754884800,806506,30000
2025-08-11T05:00:00Z,0.26601700,1754888400,798051,30000
2025-08-11T06:00:00Z,0.26534466,1754892000,796034,30000
2025-08-11T07:00:00Z,0.26611166,1754895600,798335,30000
2025-08-11T08:00:00Z,0.26678333,1754899200,800350,30000
2025-08-11T09:00:00Z,0.26152333,1754902800,784570,30000
2025-08-11T10:00:00Z,0.26303500,1754906400,789105,30000
2025-08-11T11:00:00Z,0.26147333,1754910000,784420,30000
2025-08-11T12:00:00Z,0.25962466,1754913600,778874,30000
2025-08-11T13:00:00Z,0.25262200,1754917200,757866,30000
2025-08-11T14:00:00Z,0.25333366,1754920800,760001,30000
2025-08-11T15:00:00Z,0.25518700,1754924400,765561,30000
2025-08-11T16:00:00Z,0.25397200,1754928000,761916,30000
2025-08-11T17:00:00Z,0.25387100,1754931600,761613,30000
2025-08-11T18:00:00Z,0.25209233,1754935200,756277,30000
2025-08-11T19:00:00Z,0.25169266,1754938800,755078,30000
2025-08-11T20:00:00Z,0.25156833,1754942400,754705,30000
2025-08-11T21:00:00Z,0.24737333,1754946000,742120,30000
2025-08-11T22:00:00Z,0.24744600,1754949600,742338,30000
2025-08-11T23:00:00Z,0.24578600,1754953200,737358,30000
2025-08-12T00:00:00Z,0.24588900,1754956800,737667,30000
2025-08-12T01:00:00Z,0.24641433,1754960400,739243,30000
2025-08-12T02:00:00Z,0.24884233,1754964000,746527,30000
2025-08-12T03:00:00Z,0.25007000,1754967600,750210,30000
2025-08-12T04:00:00Z,0.24932633,1754971200,747979,30000
2025-08-12T05:00:00Z,0.24825100,1754974800,744753,30000
2025-08-12T06:00:00Z,0.24903733,1754978400,747112,30000
2025-08-12T07:00:00Z,0.24697133,1754982000,740914,30000
2025-08-12T08:00:00Z,0.24673766,1754985600,740213,30000
2025-08-12T09:00:00Z,0.24871366,1754989200,746141,30000
2025-08-12T10:00:00Z,0.24738266,1754992800,742148,30000
2025-08-12T11:00:00Z,0.24628366,1754996400,738851,30000
2025-08-12T12:00:00Z,0.24605000,1755000000,738150,30000
2025-08-12T13:00:00Z,0.24688300,1755003600,740649,30000
2025-08-12T14:00:00Z,0.25161366,1755007200,754841,30000
2025-08-12T15:00:00Z,0.25094433,1755010800,752833,30000
2025-08-12T16:00:00Z,0.25432766,1755014400,762983,30000
2025-08-12T17:00:00Z,0.25578466,1755018000,767354,30000
2025-08-12T18:00:00Z,0.25599300,1755021600,767979,30000
2025-08-12T19:00:00Z,0.25730766,1755025200,771923,30000
2025-08-12T20:00:00Z,0.25894200,1755028800,776826,30000
2025-08-12T21:00:00Z,0.26210066,1755032400,786302,30000
2025-08-12T22:00:00Z,0.26327800,1755036000,789834,30000
2025-08-12T23:00:00Z,0.26113466,1755039600,783404,30000
2025-08-13T00:00:00Z,0.26191366,1755043200,785741,30000
2025-08-13T01:00:00Z,0.26096733,1755046800,782902,30000
2025-08-13T02:00:00Z,0.25911033,1755050400,777331,30000
2025-08-13T03:00:00Z,0.25729066,1755054000,771872,30000
2025-08-13T04:00:00Z,0.26092266,1755057600,782768,30000
2025-08-13T05:00:00Z,0.26174966,1755061200,785249,30000
2025-08-13T06:00:00Z,0.26269933,1755064800,788098,30000
2025-08-13T07:00:00Z,0.25920300,1755068400,777609,30000
2025-08-13T08:00:00Z,0.25970500,1755072000,779115,30000
2025-08-13T09:00:00Z,0.26331466,1755075600,789944,30000
2025-08-13T10:00:00Z,0.26587000,1755079200,797610,30000
2025-08-13T11:00:00Z,0.26616066,1755082800,798482,30000
2025-08-13T12:00:00Z,0.26626100,1755086400,798783,30000
2025-08-13T13:00:00Z,0.26468600,1755090000,794058,30000
2025-08-13T14:00:00Z,0.26331700,1755093600,789951,30000
2025-08-13T15:00:00Z,0.26499766,1755097200,794993,30000
2025-08-13T16:00:00Z,0.26168133,1755100800,785044,30000
2025-08-13T17:00:00Z,0.26290900,1755104400,788727,30000
2025-08-13T18:00:00Z,0.26392800,1755108000,791784,30000
2025-08-13T19:00:00Z,0.26399266,1755111600,791978,30000
2025-08-13T20:00:00Z,0.26308500,1755115200,789255,30000
2025-08-13T21:00:00Z,0.26468800,1755118800,794064,30000
2025-08-13T22:00:00Z,0.26383000,1755122400,791490,30000
2025-08-13T23:00:00Z,0.26282733,1755126000,788482,30000
2025-08-14T00:00:00Z,0.26611033,1755129600,798331,30000
2025-08-14T01:00:00Z,0.26607400,1755133200,798222,30000
2025-08-14T02:00:00Z,0.26787766,1755136800,803633,30000
2025-08-14T03:00:00Z,0.27043066,1755140400,811292,30000
2025-08-14T04:00:00Z,0.27527466,1755144000,825824,30000
2025-08-14T05:00:00Z,0.27327333,1755147600,819820,30000
2025-08-14T06:00:00Z,0.27096033,1755151200,812881,30000
2025-08-14T07:00:00Z,0.26858266,1755154800,805748,30000
2025-08-14T08:00:00Z,0.27054700,1755158400,811641,30000
2025-08-14T09:00:00Z,0.27017966,1755162000,810539,30000
2025-08-14T10:00:00Z,0.26771766,1755165600,803153,30000
2025-08-14T11:00:00Z,0.26860833,1755169200,805825,30000
2025-08-14T12:00:00Z,0.26385966,1755172800,791579,30000
2025-08-14T13:00:00Z,0.26233700,1755176400,787011,30000
2025-08-14T14:00:00Z,0.25075200,1755180000,752256,30000
2025-08-14T15:00:00Z,0.25285366,1755183600,758561,30000
2025-08-14T16:00:00Z,0.25408366,1755187200,762251,30000
2025-08-14T17:00:00Z,0.25115500,1755190800,753465,30000
2025-08-14T18:00:00Z,0.24836866,1755194400,745106,30000
2025-08-14T19:00:00Z,0.24903633,1755198000,747109,30000
2025-08-14T20:00:00Z,0.24910000,1755201600,747300,30000
2025-08-14T21:00:00Z,0.24818600,1755205200,744558,30000
2025-08-14T22:00:00Z,0.24912333,1755208800,747370,30000
2025-08-14T23:00:00Z,0.24641400,1755212400,739242,30000
2025-08-15T00:00:00Z,0.24874800,1755216000,746244,30000
2025-08-15T01:00:00Z,0.24839600,1755219600,745188,30000
2025-08-15T02:00:00Z,0.24879266,1755223200,746378,30000
2025-08-15T03:00:00Z,0.25013933,1755226800,750418,30000
2025-08-15T04:00:00Z,0.25010300,1755230400,750309,30000
2025-08-15T05:00:00Z,0.25389533,1755234000,761686,30000
2025-08-15T06:00:00Z,0.25186800,1755237600,755604,30000
2025-08-15T07:00:00Z,0.25314433,1755241200,759433,30000
2025-08-15T08:00:00Z,0.25514566,1755244800,765437,30000
2025-08-15T09:00:00Z,0.25531600,1755248400,765948,30000
2025-08-15T10:00:00Z,0.25633666,1755252000,769010,30000
2025-08-15T11:00:00Z,0.25325800,1755255600,759774,30000
2025-08-15T12:00:00Z,0.25336066,1755259200,760082,30000
2025-08-15T13:00:00Z,0.25284333,1755262800,758530,30000
2025-08-15T14:00:00Z,0.25341200,1755266400,760236,30000
2025-08-15T15:00:00Z,0.24962400,1755270000,748872,30000
2025-08-15T16:00:00Z,0.24679500,1755273600,740385,30000
2025-08-15T17:00:00Z,0.24350066,1755277200,730502,30000
2025-08-15T18:00:00Z,0.24411600,1755280800,732348,30000
2025-08-15T19:00:00Z,0.24549266,1755284400,736478,30000
2025-08-15T20:00:00Z,0.24350400,1755288000,730512,30000
2025-08-15T21:00:00Z,0.24369300,1755291600,731079,30000
2025-08-15T22:00:00Z,0.24624333,1755295200,738730,30000
2025-08-15T23:00:00Z,0.24673866,1755298800,740216,30000
2025-08-16T00:00:00Z,0.25112066,1755302400,753362,30000
2025-08-16T01:00:00Z,0.24746433,1755306000,742393,30000
2025-08-16T02:00:00Z,0.25040766,1755309600,751223,30000
2025-08-16T03:00:00Z,0.25028033,1755313200,750841,30000
2025-08-16T04:00:00Z,0.25066900,1755316800,752007,30000
2025-08-16T05:00:00Z,0.25063300,1755320400,751899,30000
2025-08-16T06:00:00Z,0.25022633,1755324000,750679,30000
2025-08-16T07:00:00Z,0.24795366,1755327600,743861,30000
2025-08-16T08:00:00Z,0.24835000,1755331200,745050,30000
2025-08-16T09:00:00Z,0.25014100,1755334800,750423,30000
2025-08-16T10:00:00Z,0.24980633,1755338400,749419,30000
2025-08-16T11:00:00Z,0.24888500,1755342000,746655,30000
2025-08-16T12:00:00Z,0.24903900,1755345600,747117,30000
2025-08-16T13:00:00Z,0.24806133,1755349200,744184,30000
2025-08-16T14:00:00Z,0.24922566,1755352800,747677,30000
2025-08-16T15:00:00Z,0.24914066,1755356400,747422,30000
2025-08-16T16:00:00Z,0.25173466,1755360000,755204,30000
2025-08-16T17:00:00Z,0.25004466,1755363600,750134,30000
2025-08-16T18:00:00Z,0.25070066,1755367200,752102,30000
2025-08-16T19:00:00Z,0.24942200,1755370800,748266,30000
2025-08-16T20:00:00Z,0.25041833,1755374400,751255,30000
2025-08-16T21:00:00Z,0.25105433,1755378000,753163,30000
2025-08-16T22:00:00Z,0.25183466,1755381600,755504,30000
2025-08-16T23:00:00Z,0.25092633,1755385200,752779,30000
2025-08-17T00:00:00Z,0.25219400,1755388800,756582,30000
2025-08-17T01:00:00Z,0.25226900,1755392400,756807,30000
2025-08-17T02:00:00Z,0.25123200,1755396000,753696,30000
2025-08-17T03:00:00Z,0.25152166,1755399600,754565,30000
2025-08-17T04:00:00Z,0.25348266,1755403200,760448,30000
2025-08-17T05:00:00Z,0.25363766,1755406800,760913,30000
2025-08-17T06:00:00Z,0.25531133,1755410400,765934,30000
2025-08-17T07:00:00Z,0.25467933,1755414000,764038,30000
2025-08-17T08:00:00Z,0.25331400,1755417600,759942,30000
2025-08-17T09:00:00Z,0.25442733,1755421200,763282,30000
2025-08-17T10:00:00Z,0.25685900,1755424800,770577,30000
2025-08-17T11:00:00Z,0.25661666,1755428400,769850,30000
2025-08-17T12:00:00Z,0.25623000,1755432000,768690,30000
2025-08-17T13:00:00Z,0.25690266,1755435600,770708,30000
2025-08-17T14:00:00Z,0.25506900,1755439200,765207,30000
2025-08-17T15:00:00Z,0.25606333,1755442800,768190,30000
2025-08-17T16:00:00Z,0.25659900,1755446400,769797,30000
2025-08-17T17:00:00Z,0.25900833,1755450000,777025,30000
2025-08-17T18:00:00Z,0.25612600,1755453600,768378,30000
2025-08-17T19:00:00Z,0.25541433,1755457200,766243,30000
2025-08-17T20:00:00Z,0.25310600,1755460800,759318,30000
2025-08-17T21:00:00Z,0.25166466,1755464400,754994,30000
2025-08-17T22:00:00Z,0.25155433,1755468000,754663,30000
2025-08-17T23:00:00Z,0.25190000,1755471600,755700,30000
2025-08-18T00:00:00Z,0.25434100,1755475200,763023,30000
2025-08-18T01:00:00Z,0.25210433,1755478800,756313,30000
2025-08-18T02:00:00Z,0.25187866,1755482400,755636,30000
2025-08-18T03:00:00Z,0.24773000,1755486000,743190,30000
2025-08-18T04:00:00Z,0.24346233,1755489600,730387,30000
2025-08-18T05:00:00Z,0.24387833,1755493200,731635,30000
2025-08-18T06:00:00Z,0.24587466,1755496800,737624,30000
2025-08-18T07:00:00Z,0.24538466,1755500400,736154,30000
2025-08-18T08:00:00Z,0.24353833,1755504000,730615,30000
2025-08-18T09:00:00Z,0.24259800,1755507600,727794,30000
2025-08-18T10:00:00Z,0.23995166,1755511200,719855,30000
2025-08-18T11:00:00Z,0.24093033,1755514800,722791,30000
2025-08-18T12:00:00Z,0.24162600,1755518400,724878,30000
2025-08-18T13:00:00Z,0.24023100,1755522000,720693,30000
2025-08-18T14:00:00Z,0.24401000,1755525600,732030,30000
2025-08-18T15:00:00Z,0.24172433,1755529200,725173,30000
2025-08-18T16:00:00Z,0.24378000,1755532800,731340,30000
2025-08-18T17:00:00Z,0.24500533,1755536400,735016,30000
2025-08-18T18:00:00Z,0.24314000,1755540000,729420,30000
2025-08-18T19:00:00Z,0.24473266,1755543600,734198,30000
2025-08-18T20:00:00Z,0.24646933,1755547200,739408,30000
2025-08-18T21:00:00Z,0.24494066,1755550800,734822,30000
2025-08-18T22:00:00Z,0.24531200,1755554400,735936,30000
2025-08-18T23:00:00Z,0.24754600,1755558000,742638,30000
2025-08-19T00:00:00Z,0.24718233,1755561600,741547,30000
2025-08-19T01:00:00Z,0.24467733,1755565200,734032,30000
2025-08-19T02:00:00Z,0.24608933,1755568800,738268,30000
2025-08-19T03:00:00Z,0.24345366,1755572400,730361,30000
2025-08-19T04:00:00Z,0.24228766,1755576000,726863,30000
2025-08-19T05:00:00Z,0.23819100,1755579600,714573,30000
2025-08-19T06:00:00Z,0.24063833,1755583200,721915,30000
2025-08-19T07:00:00Z,0.23933066,1755586800,717992,30000
2025-08-19T08:00:00Z,0.23951200,1755590400,718536,30000
2025-08-19T09:00:00Z,0.23929000,1755594000,717870,30000
2025-08-19T10:00:00Z,0.23967566,1755597600,719027,30000
2025-08-19T11:00:00Z,0.24135900,1755601200,724077,30000
2025-08-19T12:00:00Z,0.24179566,1755604800,725387,30000
2025-08-19T13:00:00Z,0.24204833,1755608400,726145,30000
2025-08-19T14:00:00Z,0.24075700,1755612000,722271,30000
2025-08-19T15:00:00Z,0.23981766,1755615600,719453,30000
2025-08-19T16:00:00Z,0.23581066,1755619200,707432,30000
2025-08-19T17:00:00Z,0.23531600,1755622800,705948,30000
2025-08-19T18:00:00Z,0.23448600,1755626400,703458,30000
2025-08-19T19:00:00Z,0.23557066,1755630000,706712,30000
2025-08-19T20:00:00Z,0.23281400,1755633600,698442,30000
2025-08-19T21:00:00Z,0.23310700,1755637200,699321,30000
2025-08-19T22:00:00Z,0.23537133,1755640800,706114,30000
2025-08-19T23:00:00Z,0.23483633,1755644400,704509,30000
2025-08-20T00:00:00Z,0.23351633,1755648000,700549,30000
2025-08-20T01:00:00Z,0.23150933,1755651600,694528,30000
2025-08-20T02:00:00Z,0.23259000,1755655200,697770,30000
2025-08-20T03:00:00Z,0.23314066,1755658800,699422,30000
2025-08-20T04:00:00Z,0.23308000,1755662400,699240,30000
2025-08-20T05:00:00Z,0.23370900,1755666000,701127,30000
2025-08-20T06:00:00Z,0.23492933,1755669600,704788,30000
2025-08-20T07:00:00Z,0.23540400,1755673200,706212,30000
2025-08-20T08:00:00Z,0.23487733,1755676800,704632,30000
2025-08-20T09:00:00Z,0.23375866,1755680400,701276,30000
2025-08-20T10:00:00Z,0.23555166,1755684000,706655,30000
2025-08-20T11:00:00Z,0.23359933,1755687600,700798,30000
2025-08-20T12:00:00Z,0.23466666,1755691200,704000,30000
2025-08-20T13:00:00Z,0.23387666,1755694800,701630,30000
2025-08-20T14:00:00Z,0.23377566,1755698400,701327,30000
2025-08-20T15:00:00Z,0.23126933,1755702000,693808,30000
2025-08-20T16:00:00Z,0.23338466,1755705600,700154,30000
2025-08-20T17:00:00Z,0.23575866,1755709200,707276,30000
2025-08-20T18:00:00Z,0.23575866,1755712800,707276,30000
2025-08-20T19:00:00Z,0.23932000,1755716400,717960,30000
2025-08-20T20:00:00Z,0.23753833,1755720000,712615,30000
2025-08-20T21:00:00Z,0.24204733,1755723600,726142,30000
2025-08-20T22:00:00Z,0.24213166,1755727200,726395,30000
2025-08-20T23:00:00Z,0.24217700,1755730800,726531,30000
2025-08-21T00:00:00Z,0.24247500,1755734400,727425,30000
2025-08-21T01:00:00Z,0.24169133,1755738000,725074,30000
2025-08-21T02:00:00Z,0.24166333,1755741600,724990,30000
2025-08-21T03:00:00Z,0.24291300,1755745200,728739,30000
2025-08-21T04:00:00Z,0.23971100,1755748800,719133,30000
2025-08-21T05:00:00Z,0.23928266,1755752400,717848,30000
2025-08-21T06:00:00Z,0.23873400,1755756000,716202,30000
2025-08-21T07:00:00Z,0.23987000,1755759600,719610,30000
2025-08-21T08:00:00Z,0.23772466,1755763200,713174,30000
2025-08-21T09:00:00Z,0.23824466,1755766800,714734,30000
2025-08-21T10:00:00Z,0.23631000,1755770400,708930,30000
2025-08-21T11:00:00Z,0.23571500,1755774000,707145,30000
2025-08-21T12:00:00Z,0.23619800,1755777600,708594,30000
2025-08-21T13:00:00Z,0.23593666,1755781200,707810,30000
2025-08-21T14:00:00Z,0.23559666,1755784800,706790,30000
2025-08-21T15:00:00Z,0.23637600,1755788400,709128,30000
2025-08-21T16:00:00Z,0.23608133,1755792000,708244,30000
2025-08-21T17:00:00Z,0.23390700,1755795600,701721,30000
2025-08-21T18:00:00Z,0.23283733,1755799200,698512,30000
2025-08-21T19:00:00Z,0.23468300,1755802800,704049,30000
2025-08-21T20:00:00Z,0.23674300,1755806400,710229,30000
2025-08-21T21:00:00Z,0.23500966,1755810000,705029,30000
2025-08-21T22:00:00Z,0.23568200,1755813600,707046,30000
2025-08-21T23:00:00Z,0.23663866,1755817200,709916,30000
2025-08-22T00:00:00Z,0.23688233,1755820800,710647,30000
2025-08-22T01:00:00Z,0.23564900,1755824400,706947,30000
2025-08-22T02:00:00Z,0.23595500,1755828000,707865,30000
2025-08-22T03:00:00Z,0.23624366,1755831600,708731,30000
2025-08-22T04:00:00Z,0.23671600,1755835200,710148,30000
2025-08-22T05:00:00Z,0.23509533,1755838800,705286,30000
2025-08-22T06:00:00Z,0.23543000,1755842400,706290,30000
2025-08-22T07:00:00Z,0.23623966,1755846000,708719,30000
2025-08-22T08:00:00Z,0.23522400,1755849600,705672,30000
2025-08-22T09:00:00Z,0.23700000,1755853200,711000,30000
2025-08-22T10:00:00Z,0.23718200,1755856800,711546,30000
2025-08-22T11:00:00Z,0.23690366,1755860400,710711,30000
2025-08-22T12:00:00Z,0.23443800,1755864000,703314,30000
2025-08-22T13:00:00Z,0.23221233,1755867600,696637,30000
2025-08-22T14:00:00Z,0.22992866,1755871200,689786,30000
2025-08-22T15:00:00Z,0.23348533,1755874800,700456,30000
2025-08-22T16:00:00Z,0.24841833,1755878400,745255,30000
2025-08-22T17:00:00Z,0.25049766,1755882000,751493,30000
2025-08-22T18:00:00Z,0.25251966,1755885600,757559,30000
2025-08-22T19:00:00Z,0.25560666,1755889200,766820,30000
2025-08-22T20:00:00Z,0.25443000,1755892800,763290,30000
2025-08-22T21:00:00Z,0.25581233,1755896400,767437,30000
2025-08-22T22:00:00Z,0.25635033,1755900000,769051,30000
2025-08-22T23:00:00Z,0.25802600,1755903600,774078,30000
2025-08-23T00:00:00Z,0.25609433,1755907200,768283,30000
2025-08-23T01:00:00Z,0.25697533,1755910800,770926,30000
2025-08-23T02:00:00Z,0.25417566,1755914400,762527,30000
2025-08-23T03:00:00Z,0.25283000,1755918000,758490,30000
2025-08-23T04:00:00Z,0.24889233,1755921600,746677,30000
2025-08-23T05:00:00Z,0.24768100,1755925200,743043,30000
2025-08-23T06:00:00Z,0.25132100,1755928800,753963,30000
2025-08-23T07:00:00Z,0.25516466,1755932400,765494,30000
2025-08-23T08:00:00Z,0.25382100,1755936000,761463,30000
2025-08-23T09:00:00Z,0.25146133,1755939600,754384,30000
2025-08-23T10:00:00Z,0.25093400,1755943200,752802,30000
2025-08-23T11:00:00Z,0.25087000,1755946800,752610,30000
2025-08-23T12:00:00Z,0.24929500,1755950400,747885,30000
2025-08-23T13:00:00Z,0.25004466,1755954000,750134,30000
2025-08-23T14:00:00Z,0.24928033,1755957600,747841,30000
2025-08-23T15:00:00Z,0.24856333,1755961200,745690,30000
2025-08-23T16:00:00Z,0.24820100,1755964800,744603,30000
2025-08-23T17:00:00Z,0.24901933,1755968400,747058,30000
2025-08-23T18:00:00Z,0.24927033,1755972000,747811,30000
2025-08-23T19:00:00Z,0.24960800,1755975600,748824,30000
2025-08-23T20:00:00Z,0.25045600,1755979200,751368,30000
2025-08-23T21:00:00Z,0.25376166,1755982800,761285,30000
2025-08-23T22:00:00Z,0.25334033,1755986400,760021,30000
2025-08-23T23:00:00Z,0.25287866,1755990000,758636,30000
2025-08-24T00:00:00Z,0.25404766,1755993600,762143,30000
2025-08-24T01:00:00Z,0.25343566,1755997200,760307,30000
2025-08-24T02:00:00Z,0.25298233,1756000800,758947,30000
2025-08-24T03:00:00Z,0.25241733,1756004400,757252,30000
2025-08-24T04:00:00Z,0.25182733,1756008000,755482,30000
2025-08-24T05:00:00Z,0.25194766,1756011600,755843,30000
2025-08-24T06:00:00Z,0.25149433,1756015200,754483,30000
2025-08-24T07:00:00Z,0.25019500,1756018800,750585,30000
2025-08-24T08:00:00Z,0.24756833,1756022400,742705,30000
2025-08-24T09:00:00Z,0.24690833,1756026000,740725,30000
2025-08-24T10:00:00Z,0.24797200,1756029600,743916,30000
2025-08-24T11:00:00Z,0.24698633,1756033200,740959,30000
2025-08-24T12:00:00Z,0.24433066,1756036800,732992,30000
2025-08-24T13:00:00Z,0.24400900,1756040400,732027,30000
2025-08-24T14:00:00Z,0.24555600,1756044000,736668,30000
2025-08-24T15:00:00Z,0.24576333,1756047600,737290,30000
2025-08-24T16:00:00Z,0.24650200,1756051200,739506,30000
2025-08-24T17:00:00Z,0.24665900,1756054800,739977,30000
2025-08-24T18:00:00Z,0.24743333,1756058400,742300,30000
2025-08-24T19:00:00Z,0.25079733,1756062000,752392,30000
2025-08-24T20:00:00Z,0.25701566,1756065600,771047,30000
2025-08-24T21:00:00Z,0.25084100,1756069200,752523,30000
2025-08-24T22:00:00Z,0.24845700,1756072800,745371,30000
2025-08-24T23:00:00Z,0.24919233,1756076400,747577,30000
2025-08-25T00:00:00Z,0.24992900,1756080000,749787,30000
2025-08-25T01:00:00Z,0.24802733,1756083600,744082,30000
2025-08-25T02:00:00Z,0.24415133,1756087200,732454,30000
2025-08-25T03:00:00Z,0.24572533,1756090800,737176,30000
2025-08-25T04:00:00Z,0.25009900,1756094400,750297,30000
2025-08-25T05:00:00Z,0.24780800,1756098000,743424,30000
2025-08-25T06:00:00Z,0.24636633,1756101600,739099,30000
2025-08-25T07:00:00Z,0.24382066,1756105200,731462,30000
2025-08-25T08:00:00Z,0.24151133,1756108800,724534,30000
2025-08-25T09:00:00Z,0.23813433,1756112400,714403,30000
2025-08-25T10:00:00Z,0.23890066,1756116000,716702,30000
2025-08-25T11:00:00Z,0.23782000,1756119600,713460,30000
2025-08-25T12:00:00Z,0.23606600,1756123200,708198,30000
2025-08-25T13:00:00Z,0.23629766,1756126800,708893,30000
2025-08-25T14:00:00Z,0.23818666,1756130400,714560,30000
2025-08-25T15:00:00Z,0.23798166,1756134000,713945,30000
2025-08-25T16:00:00Z,0.23990933,1756137600,719728,30000
2025-08-25T17:00:00Z,0.23760700,1756141200,712821,30000
2025-08-25T18:00:00Z,0.23780166,1756144800,713405,30000
2025-08-25T19:00:00Z,0.23733533,1756148400,712006,30000
2025-08-25T20:00:00Z,0.23650700,1756152000,709521,30000
2025-08-25T21:00:00Z,0.23159300,1756155600,694779,30000
2025-08-25T22:00:00Z,0.22782600,1756159200,683478,30000
2025-08-25T23:00:00Z,0.22758366,1756162800,682751,30000
2025-08-26T00:00:00Z,0.22980466,1756166400,689414,30000
2025-08-26T01:00:00Z,0.23047166,1756170000,691415,30000
2025-08-26T02:00:00Z,0.23248400,1756173600,697452,30000
2025-08-26T03:00:00Z,0.23511866,1756177200,705356,30000
2025-08-26T04:00:00Z,0.23356333,1756180800,700690,30000
2025-08-26T05:00:00Z,0.23368266,1756184400,701048,30000
2025-08-26T06:00:00Z,0.23558100,1756188000,706743,30000
2025-08-26T07:00:00Z,0.23482200,1756191600,704466,30000
2025-08-26T08:00:00Z,0.23511900,1756195200,705357,30000
2025-08-26T09:00:00Z,0.23599733,1756198800,707992,30000
2025-08-26T10:00:00Z,0.23587866,1756202400,707636,30000
2025-08-26T11:00:00Z,0.23783166,1756206000,713495,30000
2025-08-26T12:00:00Z,0.23574733,1756209600,707242,30000
2025-08-26T13:00:00Z,0.23435766,1756213200,703073,30000
2025-08-26T14:00:00Z,0.23559333,1756216800,706780,30000
2025-08-26T15:00:00Z,0.23607266,1756220400,708218,30000
2025-08-26T16:00:00Z,0.23655500,1756224000,709665,30000
2025-08-26T17:00:00Z,0.23615333,1756227600,708460,30000
2025-08-26T18:00:00Z,0.23891333,1756231200,716740,30000
2025-08-26T19:00:00Z,0.23884233,1756234800,716527,30000
2025-08-26T20:00:00Z,0.24054466,1756238400,721634,30000
2025-08-26T21:00:00Z,0.24361066,1756242000,730832,30000
2025-08-26T22:00:00Z,0.24242000,1756245600,727260,30000
2025-08-26T23:00:00Z,0.24388166,1756249200,731645,30000
2025-08-27T00:00:00Z,0.24263000,1756252800,727890,30000
2025-08-27T01:00:00Z,0.24167366,1756256400,725021,30000
2025-08-27T02:00:00Z,0.24026133,1756260000,720784,30000
2025-08-27T03:00:00Z,0.24041200,1756263600,721236,30000
2025-08-27T04:00:00Z,0.24008333,1756267200,720250,30000
2025-08-27T05:00:00Z,0.24132700,1756270800,723981,30000
2025-08-27T06:00:00Z,0.24240333,1756274400,727210,30000
2025-08-27T07:00:00Z,0.24096600,1756278000,722898,30000
2025-08-27T08:00:00Z,0.24021700,1756281600,720651,30000
2025-08-27T09:00:00Z,0.24010333,1756285200,720310,30000
2025-08-27T10:00:00Z,0.24121400,1756288800,723642,30000
2025-08-27T11:00:00Z,0.24015366,1756292400,720461,30000
2025-08-27T12:00:00Z,0.24012933,1756296000,720388,30000
2025-08-27T13:00:00Z,0.24094166,1756299600,722825,30000
2025-08-27T14:00:00Z,0.24062233,1756303200,721867,30000
2025-08-27T15:00:00Z,0.24017666,1756306800,720530,30000
2025-08-27T16:00:00Z,0.24099100,1756310400,722973,30000
2025-08-27T17:00:00Z,0.24094366,1756314000,722831,30000
2025-08-27T18:00:00Z,0.24130000,1756317600,723900,30000
2025-08-27T19:00:00Z,0.24214700,1756321200,726441,30000
2025-08-27T20:00:00Z,0.24128500,1756324800,723855,30000
2025-08-27T21:00:00Z,0.24044066,1756328400,721322,30000
2025-08-27T22:00:00Z,0.24168066,1756332000,725042,30000
2025-08-27T23:00:00Z,0.24005866,1756335600,720176,30000
2025-08-28T00:00:00Z,0.23893166,1756339200,716795,30000
2025-08-28T01:00:00Z,0.23745366,1756342800,712361,30000
